"time","lat","lng","device_model"
"1498169796770","40.6921686","-73.98663","ASUS_T00P"
"1498169796770","40.6921686","-73.98663","ASUS_T00P"
"1498169796770","40.6921686","-73.98663","ASUS_T00P"
"1498169796770","40.6921686","-73.98663","ASUS_T00P"
"1498169796770","40.6921686","-73.98663","ASUS_T00P"
"1498169796770","40.6921686","-73.98663","ASUS_T00P"
"1498169796770","40.6921686","-73.98663","ASUS_T00P"
"1498169796770","40.6921686","-73.98663","ASUS_T00P"
"1498169796770","40.6921686","-73.98663","ASUS_T00P"
"1498169796770","40.6921686","-73.98663","ASUS_T00P"
"1498169796770","40.6921686","-73.98663","ASUS_T00P"
"1498169796770","40.6921686","-73.98663","ASUS_T00P"
"1498169796770","40.6921686","-73.98663","ASUS_T00P"
"1498169796770","40.6921686","-73.98663","ASUS_T00P"
"1498169796770","40.6921686","-73.98663","ASUS_T00P"
"1498169796770","40.6921686","-73.98663","ASUS_T00P"
"1498169796770","40.6921686","-73.98663","ASUS_T00P"
"1498169796770","40.6921686","-73.98663","ASUS_T00P"
"1498169796770","40.6921686","-73.98663","ASUS_T00P"
"1498169796770","40.6921686","-73.98663","ASUS_T00P"
"1498169796770","40.6921686","-73.98663","ASUS_T00P"
"1498169796770","40.6921686","-73.98663","ASUS_T00P"
"1498169796770","40.6921686","-73.98663","ASUS_T00P"
"1498169796770","40.6921686","-73.98663","ASUS_T00P"
"1498169796770","40.6921686","-73.98663","ASUS_T00P"
"1498169796770","40.6921686","-73.98663","ASUS_T00P"
"1498169796770","40.6921686","-73.98663","ASUS_T00P"
"1498169796770","40.6921686","-73.98663","ASUS_T00P"
"1498169796770","40.6921686","-73.98663","ASUS_T00P"
"1498169796770","40.6921686","-73.98663","ASUS_T00P"
"1498169796770","40.6921686","-73.98663","ASUS_T00P"
"1498169796770","40.6921686","-73.98663","ASUS_T00P"
"1498169796770","40.6921686","-73.98663","ASUS_T00P"
"1498169796770","40.6921686","-73.98663","ASUS_T00P"
"1498169796770","40.6921686","-73.98663","ASUS_T00P"
"1498169796770","40.6921686","-73.98663","ASUS_T00P"
"1498169796770","40.6921686","-73.98663","ASUS_T00P"
"1498169796770","40.6921686","-73.98663","ASUS_T00P"
"1498169796770","40.6921686","-73.98663","ASUS_T00P"
"1498169796770","40.6921686","-73.98663","ASUS_T00P"
"1498169796770","40.6921686","-73.98663","ASUS_T00P"
"1498169796770","40.6921686","-73.98663","ASUS_T00P"
"1498169796770","40.6921686","-73.98663","ASUS_T00P"
"1498169796770","40.6921686","-73.98663","ASUS_T00P"
"1498169796770","40.6921686","-73.98663","ASUS_T00P"
"1498169796770","40.6921686","-73.98663","ASUS_T00P"
"1498169796770","40.6921686","-73.98663","ASUS_T00P"
"1498169796770","40.6921686","-73.98663","ASUS_T00P"
"1498169796770","40.6921686","-73.98663","ASUS_T00P"
"1498169796770","40.6921686","-73.98663","ASUS_T00P"
"1498169796770","40.6921686","-73.98663","ASUS_T00P"
"1498169796770","40.6921686","-73.98663","ASUS_T00P"
"1498169796770","40.6921686","-73.98663","ASUS_T00P"
"1498169589632","40.6935473","-73.9870892","ASUS_T00P"
"1498169589632","40.6935473","-73.9870892","ASUS_T00P"
"1498169589632","40.6935473","-73.9870892","ASUS_T00P"
"1498169589632","40.6935473","-73.9870892","ASUS_T00P"
"1498169589632","40.6935473","-73.9870892","ASUS_T00P"
"1498169589632","40.6935473","-73.9870892","ASUS_T00P"
"1498169589632","40.6935473","-73.9870892","ASUS_T00P"
"1498169589632","40.6935473","-73.9870892","ASUS_T00P"
"1498169589632","40.6935473","-73.9870892","ASUS_T00P"
"1498169589632","40.6935473","-73.9870892","ASUS_T00P"
"1498169589632","40.6935473","-73.9870892","ASUS_T00P"
"1498169589632","40.6935473","-73.9870892","ASUS_T00P"
"1498169589632","40.6935473","-73.9870892","ASUS_T00P"
"1498169589632","40.6935473","-73.9870892","ASUS_T00P"
"1498169589632","40.6935473","-73.9870892","ASUS_T00P"
"1498169589632","40.6935473","-73.9870892","ASUS_T00P"
"1498169589632","40.6935473","-73.9870892","ASUS_T00P"
"1498169589632","40.6935473","-73.9870892","ASUS_T00P"
"1498169589632","40.6935473","-73.9870892","ASUS_T00P"
"1498169571564","40.6939509","-73.9872126","ASUS_T00P"
"1498169571564","40.6939509","-73.9872126","ASUS_T00P"
"1498169571564","40.6939509","-73.9872126","ASUS_T00P"
"1498169571564","40.6939509","-73.9872126","ASUS_T00P"
"1498169571564","40.6939509","-73.9872126","ASUS_T00P"
"1498169571564","40.6939509","-73.9872126","ASUS_T00P"
"1498169571564","40.6939509","-73.9872126","ASUS_T00P"
"1498169531254","40.6859318","-73.988696","ASUS_T00P"
"1498169531254","40.6859318","-73.988696","ASUS_T00P"
"1498169531254","40.6859318","-73.988696","ASUS_T00P"
"1498169531254","40.6859318","-73.988696","ASUS_T00P"
"1498169531254","40.6859318","-73.988696","ASUS_T00P"
"1498169531254","40.6859318","-73.988696","ASUS_T00P"
"1498169531254","40.6859318","-73.988696","ASUS_T00P"
"1498169531254","40.6859318","-73.988696","ASUS_T00P"
"1498169531254","40.6859318","-73.988696","ASUS_T00P"
"1498169511235","40.6875224","-73.9846558","ASUS_T00P"
"1498169511235","40.6875224","-73.9846558","ASUS_T00P"
"1498169511235","40.6875224","-73.9846558","ASUS_T00P"
"1498169511235","40.6875224","-73.9846558","ASUS_T00P"
"1498169371118","40.676303","-73.9927362","ASUS_T00P"
"1498169371118","40.676303","-73.9927362","ASUS_T00P"
"1498169371118","40.676303","-73.9927362","ASUS_T00P"
"1498169371118","40.676303","-73.9927362","ASUS_T00P"
"1498169371118","40.676303","-73.9927362","ASUS_T00P"
"1498169371118","40.676303","-73.9927362","ASUS_T00P"
"1498169371118","40.676303","-73.9927362","ASUS_T00P"
"1498169337704","40.6867772","-73.99045","ASUS_T00P"
"1498169337704","40.6867772","-73.99045","ASUS_T00P"
"1498169337704","40.6867772","-73.99045","ASUS_T00P"
"1498169337704","40.6867772","-73.99045","ASUS_T00P"
"1498169337704","40.6867772","-73.99045","ASUS_T00P"
"1498169337704","40.6867772","-73.99045","ASUS_T00P"
"1498169337704","40.6867772","-73.99045","ASUS_T00P"
"1498169336890","40.6799712","-73.9948941","ASUS_T00P"
"1498169336890","40.6799712","-73.9948941","ASUS_T00P"
"1498169336890","40.6799712","-73.9948941","ASUS_T00P"
"1498169336890","40.6799712","-73.9948941","ASUS_T00P"
"1498169336890","40.6799712","-73.9948941","ASUS_T00P"
"1498169336890","40.6799712","-73.9948941","ASUS_T00P"
"1498169226377","40.6766122","-73.9927362","ASUS_T00P"
"1498169226377","40.6766122","-73.9927362","ASUS_T00P"
"1498169226377","40.6766122","-73.9927362","ASUS_T00P"
"1498169226377","40.6766122","-73.9927362","ASUS_T00P"
"1498169226377","40.6766122","-73.9927362","ASUS_T00P"
"1498166973881","40.6751833","-74.0069222","ASUS_T00P"
"1498166973881","40.6751833","-74.0069222","ASUS_T00P"
"1498166973881","40.6751833","-74.0069222","ASUS_T00P"
"1498166973881","40.6751833","-74.0069222","ASUS_T00P"
"1498166973881","40.6751833","-74.0069222","ASUS_T00P"
"1498166973881","40.6751833","-74.0069222","ASUS_T00P"
"1498166973881","40.6751833","-74.0069222","ASUS_T00P"
"1498166973881","40.6751833","-74.0069222","ASUS_T00P"
"1498166973881","40.6751833","-74.0069222","ASUS_T00P"
"1498166973881","40.6751833","-74.0069222","ASUS_T00P"
"1498166973881","40.6751833","-74.0069222","ASUS_T00P"
"1498166973881","40.6751833","-74.0069222","ASUS_T00P"
"1498166973881","40.6751833","-74.0069222","ASUS_T00P"
"1498166973881","40.6751833","-74.0069222","ASUS_T00P"
"1498166973881","40.6751833","-74.0069222","ASUS_T00P"
"1498166973881","40.6751833","-74.0069222","ASUS_T00P"
"1498166973881","40.6751833","-74.0069222","ASUS_T00P"
"1498166973881","40.6751833","-74.0069222","ASUS_T00P"
"1498166973881","40.6751833","-74.0069222","ASUS_T00P"
"1498166973881","40.6751833","-74.0069222","ASUS_T00P"
"1498166973881","40.6751833","-74.0069222","ASUS_T00P"
"1498166973881","40.6751833","-74.0069222","ASUS_T00P"
"1498166973881","40.6751833","-74.0069222","ASUS_T00P"
"1498166973881","40.6751833","-74.0069222","ASUS_T00P"
"1498166973881","40.6751833","-74.0069222","ASUS_T00P"
"1498166973881","40.6751833","-74.0069222","ASUS_T00P"
"1498166973881","40.6751833","-74.0069222","ASUS_T00P"
"1498166973881","40.6751833","-74.0069222","ASUS_T00P"
"1498166973881","40.6751833","-74.0069222","ASUS_T00P"
"1498166973881","40.6751833","-74.0069222","ASUS_T00P"
"1498166973881","40.6751833","-74.0069222","ASUS_T00P"
"1498166953878","40.675119","-74.007014","ASUS_T00P"
"1498166953878","40.675119","-74.007014","ASUS_T00P"
"1498166953878","40.675119","-74.007014","ASUS_T00P"
"1498166953878","40.675119","-74.007014","ASUS_T00P"
"1498166953878","40.675119","-74.007014","ASUS_T00P"
"1498166953878","40.675119","-74.007014","ASUS_T00P"
"1498166953878","40.675119","-74.007014","ASUS_T00P"
"1498166953878","40.675119","-74.007014","ASUS_T00P"
"1498166953878","40.675119","-74.007014","ASUS_T00P"
"1498166953878","40.675119","-74.007014","ASUS_T00P"
"1498166953878","40.675119","-74.007014","ASUS_T00P"
"1498166953878","40.675119","-74.007014","ASUS_T00P"
"1498166953878","40.675119","-74.007014","ASUS_T00P"
"1498166953878","40.675119","-74.007014","ASUS_T00P"
"1498166953878","40.675119","-74.007014","ASUS_T00P"
"1498166953878","40.675119","-74.007014","ASUS_T00P"
"1498166953878","40.675119","-74.007014","ASUS_T00P"
"1498166953878","40.675119","-74.007014","ASUS_T00P"
"1498166953878","40.675119","-74.007014","ASUS_T00P"
"1498166953878","40.675119","-74.007014","ASUS_T00P"
"1498166953878","40.675119","-74.007014","ASUS_T00P"
"1498166953878","40.675119","-74.007014","ASUS_T00P"
"1498166953878","40.675119","-74.007014","ASUS_T00P"
"1498166953878","40.675119","-74.007014","ASUS_T00P"
"1498166953878","40.675119","-74.007014","ASUS_T00P"
"1498166953878","40.675119","-74.007014","ASUS_T00P"
"1498166953878","40.675119","-74.007014","ASUS_T00P"
"1498166953878","40.675119","-74.007014","ASUS_T00P"
"1498166953878","40.675119","-74.007014","ASUS_T00P"
"1498166953878","40.675119","-74.007014","ASUS_T00P"
"1498166953878","40.675119","-74.007014","ASUS_T00P"
"1498166953878","40.675119","-74.007014","ASUS_T00P"
"1498166953878","40.675119","-74.007014","ASUS_T00P"
"1498166953878","40.675119","-74.007014","ASUS_T00P"
"1498166893846","40.6745787","-74.0075649","ASUS_T00P"
"1498166893846","40.6745787","-74.0075649","ASUS_T00P"
"1498166893846","40.6745787","-74.0075649","ASUS_T00P"
"1498166893846","40.6745787","-74.0075649","ASUS_T00P"
"1498166893846","40.6745787","-74.0075649","ASUS_T00P"
"1498166893846","40.6745787","-74.0075649","ASUS_T00P"
"1498166893846","40.6745787","-74.0075649","ASUS_T00P"
"1498166893846","40.6745787","-74.0075649","ASUS_T00P"
"1498166893846","40.6745787","-74.0075649","ASUS_T00P"
"1498166893846","40.6745787","-74.0075649","ASUS_T00P"
"1498166893846","40.6745787","-74.0075649","ASUS_T00P"
"1498166893846","40.6745787","-74.0075649","ASUS_T00P"
"1498166893846","40.6745787","-74.0075649","ASUS_T00P"
"1498166893846","40.6745787","-74.0075649","ASUS_T00P"
"1498166893846","40.6745787","-74.0075649","ASUS_T00P"
"1498166893846","40.6745787","-74.0075649","ASUS_T00P"
"1498166893846","40.6745787","-74.0075649","ASUS_T00P"
"1498166893846","40.6745787","-74.0075649","ASUS_T00P"
"1498166893846","40.6745787","-74.0075649","ASUS_T00P"
"1498166893846","40.6745787","-74.0075649","ASUS_T00P"
"1498166893846","40.6745787","-74.0075649","ASUS_T00P"
"1498166893846","40.6745787","-74.0075649","ASUS_T00P"
"1498166893846","40.6745787","-74.0075649","ASUS_T00P"
"1498166871831","40.6745917","-74.0076567","ASUS_T00P"
"1498166871831","40.6745917","-74.0076567","ASUS_T00P"
"1498166871831","40.6745917","-74.0076567","ASUS_T00P"
"1498166871831","40.6745917","-74.0076567","ASUS_T00P"
"1498166871831","40.6745917","-74.0076567","ASUS_T00P"
"1498166871831","40.6745917","-74.0076567","ASUS_T00P"
"1498166871831","40.6745917","-74.0076567","ASUS_T00P"
"1498166871831","40.6745917","-74.0076567","ASUS_T00P"
"1498166871831","40.6745917","-74.0076567","ASUS_T00P"
"1498166871831","40.6745917","-74.0076567","ASUS_T00P"
"1498166871831","40.6745917","-74.0076567","ASUS_T00P"
"1498166871831","40.6745917","-74.0076567","ASUS_T00P"
"1498166871831","40.6745917","-74.0076567","ASUS_T00P"
"1498166871831","40.6745917","-74.0076567","ASUS_T00P"
"1498166871831","40.6745917","-74.0076567","ASUS_T00P"
"1498166871831","40.6745917","-74.0076567","ASUS_T00P"
"1498166871831","40.6745917","-74.0076567","ASUS_T00P"
"1498166871831","40.6745917","-74.0076567","ASUS_T00P"
"1498166831815","40.6746047","-74.0077485","ASUS_T00P"
"1498166831815","40.6746047","-74.0077485","ASUS_T00P"
"1498166831815","40.6746047","-74.0077485","ASUS_T00P"
"1498166831815","40.6746047","-74.0077485","ASUS_T00P"
"1498166831815","40.6746047","-74.0077485","ASUS_T00P"
"1498166831815","40.6746047","-74.0077485","ASUS_T00P"
"1498166831815","40.6746047","-74.0077485","ASUS_T00P"
"1498166831815","40.6746047","-74.0077485","ASUS_T00P"
"1498166831815","40.6746047","-74.0077485","ASUS_T00P"
"1498166831815","40.6746047","-74.0077485","ASUS_T00P"
"1498166831815","40.6746047","-74.0077485","ASUS_T00P"
"1498166831815","40.6746047","-74.0077485","ASUS_T00P"
"1498166831815","40.6746047","-74.0077485","ASUS_T00P"
"1498166831815","40.6746047","-74.0077485","ASUS_T00P"
"1498166831815","40.6746047","-74.0077485","ASUS_T00P"
"1498166831815","40.6746047","-74.0077485","ASUS_T00P"
"1498166831815","40.6746047","-74.0077485","ASUS_T00P"
"1498166831815","40.6746047","-74.0077485","ASUS_T00P"
"1498166831815","40.6746047","-74.0077485","ASUS_T00P"
"1498166831815","40.6746047","-74.0077485","ASUS_T00P"
"1498166831815","40.6746047","-74.0077485","ASUS_T00P"
"1498166831815","40.6746047","-74.0077485","ASUS_T00P"
"1498166831815","40.6746047","-74.0077485","ASUS_T00P"
"1498166831815","40.6746047","-74.0077485","ASUS_T00P"
"1498166831815","40.6746047","-74.0077485","ASUS_T00P"
"1498166831815","40.6746047","-74.0077485","ASUS_T00P"
"1498166791798","40.67324","-74.0084831","ASUS_T00P"
"1498166791798","40.67324","-74.0084831","ASUS_T00P"
"1498166791798","40.67324","-74.0084831","ASUS_T00P"
"1498166791798","40.67324","-74.0084831","ASUS_T00P"
"1498166791798","40.67324","-74.0084831","ASUS_T00P"
"1498166791798","40.67324","-74.0084831","ASUS_T00P"
"1498166791798","40.67324","-74.0084831","ASUS_T00P"
"1498166791798","40.67324","-74.0084831","ASUS_T00P"
"1498166791798","40.67324","-74.0084831","ASUS_T00P"
"1498166791798","40.67324","-74.0084831","ASUS_T00P"
"1498166791798","40.67324","-74.0084831","ASUS_T00P"
"1498166791798","40.67324","-74.0084831","ASUS_T00P"
"1498166791798","40.67324","-74.0084831","ASUS_T00P"
"1498166791798","40.67324","-74.0084831","ASUS_T00P"
"1498166791798","40.67324","-74.0084831","ASUS_T00P"
"1498166791798","40.67324","-74.0084831","ASUS_T00P"
"1498166791798","40.67324","-74.0084831","ASUS_T00P"
"1498166791798","40.67324","-74.0084831","ASUS_T00P"
"1498166791798","40.67324","-74.0084831","ASUS_T00P"
"1498166791798","40.67324","-74.0084831","ASUS_T00P"
"1498166791798","40.67324","-74.0084831","ASUS_T00P"
"1498166791798","40.67324","-74.0084831","ASUS_T00P"
"1498166791798","40.67324","-74.0084831","ASUS_T00P"
"1498166791798","40.67324","-74.0084831","ASUS_T00P"
"1498166791798","40.67324","-74.0084831","ASUS_T00P"
"1498166791798","40.67324","-74.0084831","ASUS_T00P"
"1498166791798","40.67324","-74.0084831","ASUS_T00P"
"1498166791798","40.67324","-74.0084831","ASUS_T00P"
"1498166791798","40.67324","-74.0084831","ASUS_T00P"
"1498166791798","40.67324","-74.0084831","ASUS_T00P"
"1498166791798","40.67324","-74.0084831","ASUS_T00P"
"1498166791798","40.67324","-74.0084831","ASUS_T00P"
"1498166791798","40.67324","-74.0084831","ASUS_T00P"
"1498166791798","40.67324","-74.0084831","ASUS_T00P"
"1498166791798","40.67324","-74.0084831","ASUS_T00P"
"1498166791798","40.67324","-74.0084831","ASUS_T00P"
"1498166791798","40.67324","-74.0084831","ASUS_T00P"
"1498166791798","40.67324","-74.0084831","ASUS_T00P"
"1498166791798","40.67324","-74.0084831","ASUS_T00P"
"1498166791798","40.67324","-74.0084831","ASUS_T00P"
"1498166791798","40.67324","-74.0084831","ASUS_T00P"
"1498166791798","40.67324","-74.0084831","ASUS_T00P"
"1498166791798","40.67324","-74.0084831","ASUS_T00P"
"1498166791798","40.67324","-74.0084831","ASUS_T00P"
"1498166791798","40.67324","-74.0084831","ASUS_T00P"
"1498166791798","40.67324","-74.0084831","ASUS_T00P"
"1498166791798","40.67324","-74.0084831","ASUS_T00P"
"1498166791798","40.67324","-74.0084831","ASUS_T00P"
"1498166791798","40.67324","-74.0084831","ASUS_T00P"
"1498166791798","40.67324","-74.0084831","ASUS_T00P"
"1498166791798","40.67324","-74.0084831","ASUS_T00P"
"1498166791798","40.67324","-74.0084831","ASUS_T00P"
"1498166791798","40.67324","-74.0084831","ASUS_T00P"
"1498166751938","40.6733173","-74.0084831","ASUS_T00P"
"1498166751938","40.6733173","-74.0084831","ASUS_T00P"
"1498166751938","40.6733173","-74.0084831","ASUS_T00P"
"1498166751938","40.6733173","-74.0084831","ASUS_T00P"
"1498166751938","40.6733173","-74.0084831","ASUS_T00P"
"1498166751938","40.6733173","-74.0084831","ASUS_T00P"
"1498166751938","40.6733173","-74.0084831","ASUS_T00P"
"1498166751938","40.6733173","-74.0084831","ASUS_T00P"
"1498166751938","40.6733173","-74.0084831","ASUS_T00P"
"1498166751938","40.6733173","-74.0084831","ASUS_T00P"
"1498166751938","40.6733173","-74.0084831","ASUS_T00P"
"1498166751938","40.6733173","-74.0084831","ASUS_T00P"
"1498166751938","40.6733173","-74.0084831","ASUS_T00P"
"1498166751938","40.6733173","-74.0084831","ASUS_T00P"
"1498166751938","40.6733173","-74.0084831","ASUS_T00P"
"1498166751938","40.6733173","-74.0084831","ASUS_T00P"
"1498166751938","40.6733173","-74.0084831","ASUS_T00P"
"1498166751938","40.6733173","-74.0084831","ASUS_T00P"
"1498166751938","40.6733173","-74.0084831","ASUS_T00P"
"1498166751938","40.6733173","-74.0084831","ASUS_T00P"
"1498166751938","40.6733173","-74.0084831","ASUS_T00P"
"1498166751938","40.6733173","-74.0084831","ASUS_T00P"
"1498166751938","40.6733173","-74.0084831","ASUS_T00P"
"1498166751938","40.6733173","-74.0084831","ASUS_T00P"
"1498166751938","40.6733173","-74.0084831","ASUS_T00P"
"1498166751938","40.6733173","-74.0084831","ASUS_T00P"
"1498166751938","40.6733173","-74.0084831","ASUS_T00P"
"1498166751938","40.6733173","-74.0084831","ASUS_T00P"
"1498166751938","40.6733173","-74.0084831","ASUS_T00P"
"1498166751938","40.6733173","-74.0084831","ASUS_T00P"
"1498166751938","40.6733173","-74.0084831","ASUS_T00P"
"1498166751938","40.6733173","-74.0084831","ASUS_T00P"
"1498166751938","40.6733173","-74.0084831","ASUS_T00P"
"1498166751938","40.6733173","-74.0084831","ASUS_T00P"
"1498166751938","40.6733173","-74.0084831","ASUS_T00P"
"1498166751938","40.6733173","-74.0084831","ASUS_T00P"
"1498166751938","40.6733173","-74.0084831","ASUS_T00P"
"1498166751938","40.6733173","-74.0084831","ASUS_T00P"
"1498166751938","40.6733173","-74.0084831","ASUS_T00P"
"1498166751938","40.6733173","-74.0084831","ASUS_T00P"
"1498166751938","40.6733173","-74.0084831","ASUS_T00P"
"1498166751938","40.6733173","-74.0084831","ASUS_T00P"
"1498166751938","40.6733173","-74.0084831","ASUS_T00P"
"1498166751938","40.6733173","-74.0084831","ASUS_T00P"
"1498166751938","40.6733173","-74.0084831","ASUS_T00P"
"1498166751938","40.6733173","-74.0084831","ASUS_T00P"
"1498166751938","40.6733173","-74.0084831","ASUS_T00P"
"1498166751938","40.6733173","-74.0084831","ASUS_T00P"
"1498166751938","40.6733173","-74.0084831","ASUS_T00P"
"1498166751938","40.6733173","-74.0084831","ASUS_T00P"
"1498166751938","40.6733173","-74.0084831","ASUS_T00P"
"1498166751938","40.6733173","-74.0084831","ASUS_T00P"
"1498166751938","40.6733173","-74.0084831","ASUS_T00P"
"1498166751938","40.6733173","-74.0084831","ASUS_T00P"
"1498166751938","40.6733173","-74.0084831","ASUS_T00P"
"1498166751938","40.6733173","-74.0084831","ASUS_T00P"
"1498166751938","40.6733173","-74.0084831","ASUS_T00P"
"1498166751938","40.6733173","-74.0084831","ASUS_T00P"
"1498166711867","40.6738209","-74.0093094","ASUS_T00P"
"1498166711867","40.6738209","-74.0093094","ASUS_T00P"
"1498166711867","40.6738209","-74.0093094","ASUS_T00P"
"1498166711867","40.6738209","-74.0093094","ASUS_T00P"
"1498166711867","40.6738209","-74.0093094","ASUS_T00P"
"1498166711867","40.6738209","-74.0093094","ASUS_T00P"
"1498166711867","40.6738209","-74.0093094","ASUS_T00P"
"1498166711867","40.6738209","-74.0093094","ASUS_T00P"
"1498166711867","40.6738209","-74.0093094","ASUS_T00P"
"1498166711867","40.6738209","-74.0093094","ASUS_T00P"
"1498166711867","40.6738209","-74.0093094","ASUS_T00P"
"1498166711867","40.6738209","-74.0093094","ASUS_T00P"
"1498166711867","40.6738209","-74.0093094","ASUS_T00P"
"1498166711867","40.6738209","-74.0093094","ASUS_T00P"
"1498166711867","40.6738209","-74.0093094","ASUS_T00P"
"1498166711867","40.6738209","-74.0093094","ASUS_T00P"
"1498166711867","40.6738209","-74.0093094","ASUS_T00P"
"1498166711867","40.6738209","-74.0093094","ASUS_T00P"
"1498166711867","40.6738209","-74.0093094","ASUS_T00P"
"1498166711867","40.6738209","-74.0093094","ASUS_T00P"
"1498166711867","40.6738209","-74.0093094","ASUS_T00P"
"1498166711867","40.6738209","-74.0093094","ASUS_T00P"
"1498166711867","40.6738209","-74.0093094","ASUS_T00P"
"1498166711867","40.6738209","-74.0093094","ASUS_T00P"
"1498166711867","40.6738209","-74.0093094","ASUS_T00P"
"1498166711867","40.6738209","-74.0093094","ASUS_T00P"
"1498166711867","40.6738209","-74.0093094","ASUS_T00P"
"1498166711867","40.6738209","-74.0093094","ASUS_T00P"
"1498166711867","40.6738209","-74.0093094","ASUS_T00P"
"1498166711867","40.6738209","-74.0093094","ASUS_T00P"
"1498166711867","40.6738209","-74.0093094","ASUS_T00P"
"1498166711867","40.6738209","-74.0093094","ASUS_T00P"
"1498166711867","40.6738209","-74.0093094","ASUS_T00P"
"1498166711867","40.6738209","-74.0093094","ASUS_T00P"
"1498166711867","40.6738209","-74.0093094","ASUS_T00P"
"1498166711867","40.6738209","-74.0093094","ASUS_T00P"
"1498166711867","40.6738209","-74.0093094","ASUS_T00P"
"1498166711867","40.6738209","-74.0093094","ASUS_T00P"
"1498166711867","40.6738209","-74.0093094","ASUS_T00P"
"1498166711867","40.6738209","-74.0093094","ASUS_T00P"
"1498166711867","40.6738209","-74.0093094","ASUS_T00P"
"1498166671748","40.6729676","-74.0071058","ASUS_T00P"
"1498166671748","40.6729676","-74.0071058","ASUS_T00P"
"1498166671748","40.6729676","-74.0071058","ASUS_T00P"
"1498166671748","40.6729676","-74.0071058","ASUS_T00P"
"1498166671748","40.6729676","-74.0071058","ASUS_T00P"
"1498166671748","40.6729676","-74.0071058","ASUS_T00P"
"1498166671748","40.6729676","-74.0071058","ASUS_T00P"
"1498166671748","40.6729676","-74.0071058","ASUS_T00P"
"1498166671748","40.6729676","-74.0071058","ASUS_T00P"
"1498166671748","40.6729676","-74.0071058","ASUS_T00P"
"1498166671748","40.6729676","-74.0071058","ASUS_T00P"
"1498166671748","40.6729676","-74.0071058","ASUS_T00P"
"1498166671748","40.6729676","-74.0071058","ASUS_T00P"
"1498166671748","40.6729676","-74.0071058","ASUS_T00P"
"1498166671748","40.6729676","-74.0071058","ASUS_T00P"
"1498166671748","40.6729676","-74.0071058","ASUS_T00P"
"1498166671748","40.6729676","-74.0071058","ASUS_T00P"
"1498166671748","40.6729676","-74.0071058","ASUS_T00P"
"1498166671748","40.6729676","-74.0071058","ASUS_T00P"
"1498166671748","40.6729676","-74.0071058","ASUS_T00P"
"1498166671748","40.6729676","-74.0071058","ASUS_T00P"
"1498166671748","40.6729676","-74.0071058","ASUS_T00P"
"1498166671748","40.6729676","-74.0071058","ASUS_T00P"
"1498166671748","40.6729676","-74.0071058","ASUS_T00P"
"1498166671748","40.6729676","-74.0071058","ASUS_T00P"
"1498166671748","40.6729676","-74.0071058","ASUS_T00P"
"1498166631694","40.6741501","-74.0050859","ASUS_T00P"
"1498166631694","40.6741501","-74.0050859","ASUS_T00P"
"1498166631694","40.6741501","-74.0050859","ASUS_T00P"
"1498166631694","40.6741501","-74.0050859","ASUS_T00P"
"1498166631694","40.6741501","-74.0050859","ASUS_T00P"
"1498166631694","40.6741501","-74.0050859","ASUS_T00P"
"1498166631694","40.6741501","-74.0050859","ASUS_T00P"
"1498166631694","40.6741501","-74.0050859","ASUS_T00P"
"1498166631694","40.6741501","-74.0050859","ASUS_T00P"
"1498166631694","40.6741501","-74.0050859","ASUS_T00P"
"1498166631694","40.6741501","-74.0050859","ASUS_T00P"
"1498166631694","40.6741501","-74.0050859","ASUS_T00P"
"1498166631694","40.6741501","-74.0050859","ASUS_T00P"
"1498166631694","40.6741501","-74.0050859","ASUS_T00P"
"1498166631694","40.6741501","-74.0050859","ASUS_T00P"
"1498166631694","40.6741501","-74.0050859","ASUS_T00P"
"1498166631694","40.6741501","-74.0050859","ASUS_T00P"
"1498166631694","40.6741501","-74.0050859","ASUS_T00P"
"1498166631694","40.6741501","-74.0050859","ASUS_T00P"
"1498166631694","40.6741501","-74.0050859","ASUS_T00P"
"1498166631694","40.6741501","-74.0050859","ASUS_T00P"
"1498166631694","40.6741501","-74.0050859","ASUS_T00P"
"1498166631694","40.6741501","-74.0050859","ASUS_T00P"
"1498166591756","40.6740866","-74.0057286","ASUS_T00P"
"1498166591756","40.6740866","-74.0057286","ASUS_T00P"
"1498166591756","40.6740866","-74.0057286","ASUS_T00P"
"1498166591756","40.6740866","-74.0057286","ASUS_T00P"
"1498166591756","40.6740866","-74.0057286","ASUS_T00P"
"1498166591756","40.6740866","-74.0057286","ASUS_T00P"
"1498166591756","40.6740866","-74.0057286","ASUS_T00P"
"1498166591756","40.6740866","-74.0057286","ASUS_T00P"
"1498166591756","40.6740866","-74.0057286","ASUS_T00P"
"1498166591756","40.6740866","-74.0057286","ASUS_T00P"
"1498166591756","40.6740866","-74.0057286","ASUS_T00P"
"1498166591756","40.6740866","-74.0057286","ASUS_T00P"
"1498166591756","40.6740866","-74.0057286","ASUS_T00P"
"1498166591756","40.6740866","-74.0057286","ASUS_T00P"
"1498166591756","40.6740866","-74.0057286","ASUS_T00P"
"1498166591756","40.6740866","-74.0057286","ASUS_T00P"
"1498166591756","40.6740866","-74.0057286","ASUS_T00P"
"1498166591756","40.6740866","-74.0057286","ASUS_T00P"
"1498166591756","40.6740866","-74.0057286","ASUS_T00P"
"1498166591756","40.6740866","-74.0057286","ASUS_T00P"
"1498166591756","40.6740866","-74.0057286","ASUS_T00P"
"1498166591756","40.6740866","-74.0057286","ASUS_T00P"
"1498166591756","40.6740866","-74.0057286","ASUS_T00P"
"1498166591756","40.6740866","-74.0057286","ASUS_T00P"
"1498166591756","40.6740866","-74.0057286","ASUS_T00P"
"1498166591756","40.6740866","-74.0057286","ASUS_T00P"
"1498166591756","40.6740866","-74.0057286","ASUS_T00P"
"1498166591756","40.6740866","-74.0057286","ASUS_T00P"
"1498166471668","40.6724694","-74.0054991","ASUS_T00P"
"1498166471668","40.6724694","-74.0054991","ASUS_T00P"
"1498166471668","40.6724694","-74.0054991","ASUS_T00P"
"1498166471668","40.6724694","-74.0054991","ASUS_T00P"
"1498166471668","40.6724694","-74.0054991","ASUS_T00P"
"1498166471668","40.6724694","-74.0054991","ASUS_T00P"
"1498166471668","40.6724694","-74.0054991","ASUS_T00P"
"1498166471668","40.6724694","-74.0054991","ASUS_T00P"
"1498166471668","40.6724694","-74.0054991","ASUS_T00P"
"1498166471668","40.6724694","-74.0054991","ASUS_T00P"
"1498166471668","40.6724694","-74.0054991","ASUS_T00P"
"1498166471668","40.6724694","-74.0054991","ASUS_T00P"
"1498166471668","40.6724694","-74.0054991","ASUS_T00P"
"1498166471668","40.6724694","-74.0054991","ASUS_T00P"
"1498166471668","40.6724694","-74.0054991","ASUS_T00P"
"1498166471668","40.6724694","-74.0054991","ASUS_T00P"
"1498166471668","40.6724694","-74.0054991","ASUS_T00P"
"1498166471668","40.6724694","-74.0054991","ASUS_T00P"
"1498166471668","40.6724694","-74.0054991","ASUS_T00P"
"1498166471668","40.6724694","-74.0054991","ASUS_T00P"
"1498166471668","40.6724694","-74.0054991","ASUS_T00P"
"1498166471668","40.6724694","-74.0054991","ASUS_T00P"
"1498166471668","40.6724694","-74.0054991","ASUS_T00P"
"1498166471668","40.6724694","-74.0054991","ASUS_T00P"
"1498166471668","40.6724694","-74.0054991","ASUS_T00P"
"1498166471668","40.6724694","-74.0054991","ASUS_T00P"
"1498166471668","40.6724694","-74.0054991","ASUS_T00P"
"1498166471668","40.6724694","-74.0054991","ASUS_T00P"
"1498166471668","40.6724694","-74.0054991","ASUS_T00P"
"1498166471668","40.6724694","-74.0054991","ASUS_T00P"
"1498166471668","40.6724694","-74.0054991","ASUS_T00P"
"1498166431647","40.6722421","-74.0041677","ASUS_T00P"
"1498166431647","40.6722421","-74.0041677","ASUS_T00P"
"1498166431647","40.6722421","-74.0041677","ASUS_T00P"
"1498166431647","40.6722421","-74.0041677","ASUS_T00P"
"1498166431647","40.6722421","-74.0041677","ASUS_T00P"
"1498166431647","40.6722421","-74.0041677","ASUS_T00P"
"1498166431647","40.6722421","-74.0041677","ASUS_T00P"
"1498166431647","40.6722421","-74.0041677","ASUS_T00P"
"1498166431647","40.6722421","-74.0041677","ASUS_T00P"
"1498166431647","40.6722421","-74.0041677","ASUS_T00P"
"1498166431647","40.6722421","-74.0041677","ASUS_T00P"
"1498166431647","40.6722421","-74.0041677","ASUS_T00P"
"1498166431647","40.6722421","-74.0041677","ASUS_T00P"
"1498166431647","40.6722421","-74.0041677","ASUS_T00P"
"1498166431647","40.6722421","-74.0041677","ASUS_T00P"
"1498166431647","40.6722421","-74.0041677","ASUS_T00P"
"1498166431647","40.6722421","-74.0041677","ASUS_T00P"
"1498166431647","40.6722421","-74.0041677","ASUS_T00P"
"1498166431647","40.6722421","-74.0041677","ASUS_T00P"
"1498166431647","40.6722421","-74.0041677","ASUS_T00P"
"1498166431647","40.6722421","-74.0041677","ASUS_T00P"
"1498166431647","40.6722421","-74.0041677","ASUS_T00P"
"1498166431647","40.6722421","-74.0041677","ASUS_T00P"
"1498166431647","40.6722421","-74.0041677","ASUS_T00P"
"1498166431647","40.6722421","-74.0041677","ASUS_T00P"
"1498166431647","40.6722421","-74.0041677","ASUS_T00P"
"1498166431647","40.6722421","-74.0041677","ASUS_T00P"
"1498166431647","40.6722421","-74.0041677","ASUS_T00P"
"1498166431647","40.6722421","-74.0041677","ASUS_T00P"
"1498166431647","40.6722421","-74.0041677","ASUS_T00P"
"1498166431647","40.6722421","-74.0041677","ASUS_T00P"
"1498166431647","40.6722421","-74.0041677","ASUS_T00P"
"1498166431647","40.6722421","-74.0041677","ASUS_T00P"
"1498166391674","40.6721648","-74.0041677","ASUS_T00P"
"1498166391674","40.6721648","-74.0041677","ASUS_T00P"
"1498166391674","40.6721648","-74.0041677","ASUS_T00P"
"1498166391674","40.6721648","-74.0041677","ASUS_T00P"
"1498166391674","40.6721648","-74.0041677","ASUS_T00P"
"1498166391674","40.6721648","-74.0041677","ASUS_T00P"
"1498166391674","40.6721648","-74.0041677","ASUS_T00P"
"1498166391674","40.6721648","-74.0041677","ASUS_T00P"
"1498166391674","40.6721648","-74.0041677","ASUS_T00P"
"1498166391674","40.6721648","-74.0041677","ASUS_T00P"
"1498166391674","40.6721648","-74.0041677","ASUS_T00P"
"1498166391674","40.6721648","-74.0041677","ASUS_T00P"
"1498166391674","40.6721648","-74.0041677","ASUS_T00P"
"1498166391674","40.6721648","-74.0041677","ASUS_T00P"
"1498166391674","40.6721648","-74.0041677","ASUS_T00P"
"1498166391674","40.6721648","-74.0041677","ASUS_T00P"
"1498166391674","40.6721648","-74.0041677","ASUS_T00P"
"1498166391674","40.6721648","-74.0041677","ASUS_T00P"
"1498166391674","40.6721648","-74.0041677","ASUS_T00P"
"1498166391674","40.6721648","-74.0041677","ASUS_T00P"
"1498166391674","40.6721648","-74.0041677","ASUS_T00P"
"1498166391674","40.6721648","-74.0041677","ASUS_T00P"
"1498166391674","40.6721648","-74.0041677","ASUS_T00P"
"1498166391674","40.6721648","-74.0041677","ASUS_T00P"
"1498166391674","40.6721648","-74.0041677","ASUS_T00P"
"1498166391674","40.6721648","-74.0041677","ASUS_T00P"
"1498166391674","40.6721648","-74.0041677","ASUS_T00P"
"1498166391674","40.6721648","-74.0041677","ASUS_T00P"
"1498166311251","40.6721327","-74.0042136","ASUS_T00P"
"1498166311251","40.6721327","-74.0042136","ASUS_T00P"
"1498166311251","40.6721327","-74.0042136","ASUS_T00P"
"1498166311251","40.6721327","-74.0042136","ASUS_T00P"
"1498166311251","40.6721327","-74.0042136","ASUS_T00P"
"1498166311251","40.6721327","-74.0042136","ASUS_T00P"
"1498166311251","40.6721327","-74.0042136","ASUS_T00P"
"1498166311251","40.6721327","-74.0042136","ASUS_T00P"
"1498166311251","40.6721327","-74.0042136","ASUS_T00P"
"1498166311251","40.6721327","-74.0042136","ASUS_T00P"
"1498166311251","40.6721327","-74.0042136","ASUS_T00P"
"1498166311251","40.6721327","-74.0042136","ASUS_T00P"
"1498166311251","40.6721327","-74.0042136","ASUS_T00P"
"1498166311251","40.6721327","-74.0042136","ASUS_T00P"
"1498166311251","40.6721327","-74.0042136","ASUS_T00P"
"1498166311251","40.6721327","-74.0042136","ASUS_T00P"
"1498166311251","40.6721327","-74.0042136","ASUS_T00P"
"1498166311251","40.6721327","-74.0042136","ASUS_T00P"
"1498166311251","40.6721327","-74.0042136","ASUS_T00P"
"1498166311251","40.6721327","-74.0042136","ASUS_T00P"
"1498166311251","40.6721327","-74.0042136","ASUS_T00P"
"1498166311251","40.6721327","-74.0042136","ASUS_T00P"
"1498166311251","40.6721327","-74.0042136","ASUS_T00P"
"1498166311251","40.6721327","-74.0042136","ASUS_T00P"
"1498166311251","40.6721327","-74.0042136","ASUS_T00P"
"1498166311251","40.6721327","-74.0042136","ASUS_T00P"
"1498166311251","40.6721327","-74.0042136","ASUS_T00P"
"1498166311251","40.6721327","-74.0042136","ASUS_T00P"
"1498166311251","40.6721327","-74.0042136","ASUS_T00P"
"1498166311251","40.6721327","-74.0042136","ASUS_T00P"
"1498166311251","40.6721327","-74.0042136","ASUS_T00P"
"1498166311251","40.6721327","-74.0042136","ASUS_T00P"
"1498166271253","40.6720875","-74.0041677","ASUS_T00P"
"1498166271253","40.6720875","-74.0041677","ASUS_T00P"
"1498166271253","40.6720875","-74.0041677","ASUS_T00P"
"1498166271253","40.6720875","-74.0041677","ASUS_T00P"
"1498166271253","40.6720875","-74.0041677","ASUS_T00P"
"1498166271253","40.6720875","-74.0041677","ASUS_T00P"
"1498166271253","40.6720875","-74.0041677","ASUS_T00P"
"1498166271253","40.6720875","-74.0041677","ASUS_T00P"
"1498166271253","40.6720875","-74.0041677","ASUS_T00P"
"1498166271253","40.6720875","-74.0041677","ASUS_T00P"
"1498166271253","40.6720875","-74.0041677","ASUS_T00P"
"1498166271253","40.6720875","-74.0041677","ASUS_T00P"
"1498166271253","40.6720875","-74.0041677","ASUS_T00P"
"1498166271253","40.6720875","-74.0041677","ASUS_T00P"
"1498166271253","40.6720875","-74.0041677","ASUS_T00P"
"1498166271253","40.6720875","-74.0041677","ASUS_T00P"
"1498166271253","40.6720875","-74.0041677","ASUS_T00P"
"1498166271253","40.6720875","-74.0041677","ASUS_T00P"
"1498166271253","40.6720875","-74.0041677","ASUS_T00P"
"1498166271253","40.6720875","-74.0041677","ASUS_T00P"
"1498166271253","40.6720875","-74.0041677","ASUS_T00P"
"1498166271253","40.6720875","-74.0041677","ASUS_T00P"
"1498166271253","40.6720875","-74.0041677","ASUS_T00P"
"1498166271253","40.6720875","-74.0041677","ASUS_T00P"
"1498166271253","40.6720875","-74.0041677","ASUS_T00P"
"1498166191357","40.6727235","-74.0029282","ASUS_T00P"
"1498166191357","40.6727235","-74.0029282","ASUS_T00P"
"1498166191357","40.6727235","-74.0029282","ASUS_T00P"
"1498166191357","40.6727235","-74.0029282","ASUS_T00P"
"1498166191357","40.6727235","-74.0029282","ASUS_T00P"
"1498166191357","40.6727235","-74.0029282","ASUS_T00P"
"1498166191357","40.6727235","-74.0029282","ASUS_T00P"
"1498166191357","40.6727235","-74.0029282","ASUS_T00P"
"1498166191357","40.6727235","-74.0029282","ASUS_T00P"
"1498166191357","40.6727235","-74.0029282","ASUS_T00P"
"1498166191357","40.6727235","-74.0029282","ASUS_T00P"
"1498166191357","40.6727235","-74.0029282","ASUS_T00P"
"1498166191357","40.6727235","-74.0029282","ASUS_T00P"
"1498166191357","40.6727235","-74.0029282","ASUS_T00P"
"1498166191357","40.6727235","-74.0029282","ASUS_T00P"
"1498166191357","40.6727235","-74.0029282","ASUS_T00P"
"1498166191357","40.6727235","-74.0029282","ASUS_T00P"
"1498166191357","40.6727235","-74.0029282","ASUS_T00P"
"1498166191357","40.6727235","-74.0029282","ASUS_T00P"
"1498166191357","40.6727235","-74.0029282","ASUS_T00P"
"1498166191357","40.6727235","-74.0029282","ASUS_T00P"
"1498166191357","40.6727235","-74.0029282","ASUS_T00P"
"1498166191357","40.6727235","-74.0029282","ASUS_T00P"
"1498166191357","40.6727235","-74.0029282","ASUS_T00P"
"1498166191357","40.6727235","-74.0029282","ASUS_T00P"
"1498166191357","40.6727235","-74.0029282","ASUS_T00P"
"1498166191357","40.6727235","-74.0029282","ASUS_T00P"
"1498166191357","40.6727235","-74.0029282","ASUS_T00P"
"1498166191357","40.6727235","-74.0029282","ASUS_T00P"
"1498166191357","40.6727235","-74.0029282","ASUS_T00P"
"1498166191357","40.6727235","-74.0029282","ASUS_T00P"
"1498166174472","40.6726654","-74.0027905","ASUS_T00P"
"1498166174472","40.6726654","-74.0027905","ASUS_T00P"
"1498166174472","40.6726654","-74.0027905","ASUS_T00P"
"1498166174472","40.6726654","-74.0027905","ASUS_T00P"
"1498166174472","40.6726654","-74.0027905","ASUS_T00P"
"1498166174472","40.6726654","-74.0027905","ASUS_T00P"
"1498166174472","40.6726654","-74.0027905","ASUS_T00P"
"1498166174472","40.6726654","-74.0027905","ASUS_T00P"
"1498166174472","40.6726654","-74.0027905","ASUS_T00P"
"1498166174472","40.6726654","-74.0027905","ASUS_T00P"
"1498166174472","40.6726654","-74.0027905","ASUS_T00P"
"1498166174472","40.6726654","-74.0027905","ASUS_T00P"
"1498166174472","40.6726654","-74.0027905","ASUS_T00P"
"1498166174472","40.6726654","-74.0027905","ASUS_T00P"
"1498166174472","40.6726654","-74.0027905","ASUS_T00P"
"1498166174472","40.6726654","-74.0027905","ASUS_T00P"
"1498166174472","40.6726654","-74.0027905","ASUS_T00P"
"1498166174472","40.6726654","-74.0027905","ASUS_T00P"
"1498166174472","40.6726654","-74.0027905","ASUS_T00P"
"1498166174472","40.6726654","-74.0027905","ASUS_T00P"
"1498166174472","40.6726654","-74.0027905","ASUS_T00P"
"1498166174472","40.6726654","-74.0027905","ASUS_T00P"
"1498166174472","40.6726654","-74.0027905","ASUS_T00P"
"1498166174472","40.6726654","-74.0027905","ASUS_T00P"
"1498166174472","40.6726654","-74.0027905","ASUS_T00P"
"1498166174472","40.6726654","-74.0027905","ASUS_T00P"
"1498166174472","40.6726654","-74.0027905","ASUS_T00P"
"1498166174472","40.6726654","-74.0027905","ASUS_T00P"
"1498166174472","40.6726654","-74.0027905","ASUS_T00P"
"1498166174472","40.6726654","-74.0027905","ASUS_T00P"
"1498166171133","40.6743782","-74.0023314","ASUS_T00P"
"1498166171133","40.6743782","-74.0023314","ASUS_T00P"
"1498166171133","40.6743782","-74.0023314","ASUS_T00P"
"1498166171133","40.6743782","-74.0023314","ASUS_T00P"
"1498166171133","40.6743782","-74.0023314","ASUS_T00P"
"1498166171133","40.6743782","-74.0023314","ASUS_T00P"
"1498166171133","40.6743782","-74.0023314","ASUS_T00P"
"1498166171133","40.6743782","-74.0023314","ASUS_T00P"
"1498166171133","40.6743782","-74.0023314","ASUS_T00P"
"1498166171133","40.6743782","-74.0023314","ASUS_T00P"
"1498166171133","40.6743782","-74.0023314","ASUS_T00P"
"1498166171133","40.6743782","-74.0023314","ASUS_T00P"
"1498166171133","40.6743782","-74.0023314","ASUS_T00P"
"1498166171133","40.6743782","-74.0023314","ASUS_T00P"
"1498166171133","40.6743782","-74.0023314","ASUS_T00P"
"1498166171133","40.6743782","-74.0023314","ASUS_T00P"
"1498166171133","40.6743782","-74.0023314","ASUS_T00P"
"1498166171133","40.6743782","-74.0023314","ASUS_T00P"
"1498166171133","40.6743782","-74.0023314","ASUS_T00P"
"1498166171133","40.6743782","-74.0023314","ASUS_T00P"
"1498166171133","40.6743782","-74.0023314","ASUS_T00P"
"1498166171133","40.6743782","-74.0023314","ASUS_T00P"
"1498166171133","40.6743782","-74.0023314","ASUS_T00P"
"1498166171133","40.6743782","-74.0023314","ASUS_T00P"
"1498166129688","40.6743009","-74.0023314","ASUS_T00P"
"1498166129688","40.6743009","-74.0023314","ASUS_T00P"
"1498166129688","40.6743009","-74.0023314","ASUS_T00P"
"1498166129688","40.6743009","-74.0023314","ASUS_T00P"
"1498166129688","40.6743009","-74.0023314","ASUS_T00P"
"1498166129688","40.6743009","-74.0023314","ASUS_T00P"
"1498166129688","40.6743009","-74.0023314","ASUS_T00P"
"1498166129688","40.6743009","-74.0023314","ASUS_T00P"
"1498166129688","40.6743009","-74.0023314","ASUS_T00P"
"1498166129688","40.6743009","-74.0023314","ASUS_T00P"
"1498166129688","40.6743009","-74.0023314","ASUS_T00P"
"1498166129688","40.6743009","-74.0023314","ASUS_T00P"
"1498166129688","40.6743009","-74.0023314","ASUS_T00P"
"1498166129688","40.6743009","-74.0023314","ASUS_T00P"
"1498166129688","40.6743009","-74.0023314","ASUS_T00P"
"1498166129688","40.6743009","-74.0023314","ASUS_T00P"
"1498166129688","40.6743009","-74.0023314","ASUS_T00P"
"1498166129688","40.6743009","-74.0023314","ASUS_T00P"
"1498166129688","40.6743009","-74.0023314","ASUS_T00P"
"1498166129688","40.6743009","-74.0023314","ASUS_T00P"
"1498166129688","40.6743009","-74.0023314","ASUS_T00P"
"1498166129688","40.6743009","-74.0023314","ASUS_T00P"
"1498166129688","40.6743009","-74.0023314","ASUS_T00P"
"1498166129688","40.6743009","-74.0023314","ASUS_T00P"
"1498166129688","40.6743009","-74.0023314","ASUS_T00P"
"1498166129688","40.6743009","-74.0023314","ASUS_T00P"
"1498166129688","40.6743009","-74.0023314","ASUS_T00P"
"1498166129688","40.6743009","-74.0023314","ASUS_T00P"
"1498166129688","40.6743009","-74.0023314","ASUS_T00P"
"1498166129688","40.6743009","-74.0023314","ASUS_T00P"
"1498166089788","40.6743782","-74.0023314","ASUS_T00P"
"1498166089788","40.6743782","-74.0023314","ASUS_T00P"
"1498166089788","40.6743782","-74.0023314","ASUS_T00P"
"1498166089788","40.6743782","-74.0023314","ASUS_T00P"
"1498166089788","40.6743782","-74.0023314","ASUS_T00P"
"1498166089788","40.6743782","-74.0023314","ASUS_T00P"
"1498166089788","40.6743782","-74.0023314","ASUS_T00P"
"1498166089788","40.6743782","-74.0023314","ASUS_T00P"
"1498166089788","40.6743782","-74.0023314","ASUS_T00P"
"1498166089788","40.6743782","-74.0023314","ASUS_T00P"
"1498166089788","40.6743782","-74.0023314","ASUS_T00P"
"1498166089788","40.6743782","-74.0023314","ASUS_T00P"
"1498166089788","40.6743782","-74.0023314","ASUS_T00P"
"1498166089788","40.6743782","-74.0023314","ASUS_T00P"
"1498166089788","40.6743782","-74.0023314","ASUS_T00P"
"1498166089788","40.6743782","-74.0023314","ASUS_T00P"
"1498166089788","40.6743782","-74.0023314","ASUS_T00P"
"1498166089788","40.6743782","-74.0023314","ASUS_T00P"
"1498166089788","40.6743782","-74.0023314","ASUS_T00P"
"1498166089788","40.6743782","-74.0023314","ASUS_T00P"
"1498166089788","40.6743782","-74.0023314","ASUS_T00P"
"1498166089788","40.6743782","-74.0023314","ASUS_T00P"
"1498166089788","40.6743782","-74.0023314","ASUS_T00P"
"1498166089788","40.6743782","-74.0023314","ASUS_T00P"
"1498166089788","40.6743782","-74.0023314","ASUS_T00P"
"1498166089788","40.6743782","-74.0023314","ASUS_T00P"
"1498166089788","40.6743782","-74.0023314","ASUS_T00P"
"1498166089788","40.6743782","-74.0023314","ASUS_T00P"
"1498166089788","40.6743782","-74.0023314","ASUS_T00P"
"1498166089788","40.6743782","-74.0023314","ASUS_T00P"
"1498166089788","40.6743782","-74.0023314","ASUS_T00P"
"1498166089788","40.6743782","-74.0023314","ASUS_T00P"
"1498166089788","40.6743782","-74.0023314","ASUS_T00P"
"1498166089788","40.6743782","-74.0023314","ASUS_T00P"
"1498166089788","40.6743782","-74.0023314","ASUS_T00P"
"1498166089788","40.6743782","-74.0023314","ASUS_T00P"
"1498166029569","40.6752277","-74.0017805","ASUS_T00P"
"1498166029569","40.6752277","-74.0017805","ASUS_T00P"
"1498166029569","40.6752277","-74.0017805","ASUS_T00P"
"1498166029569","40.6752277","-74.0017805","ASUS_T00P"
"1498166029569","40.6752277","-74.0017805","ASUS_T00P"
"1498166029569","40.6752277","-74.0017805","ASUS_T00P"
"1498166029569","40.6752277","-74.0017805","ASUS_T00P"
"1498166029569","40.6752277","-74.0017805","ASUS_T00P"
"1498166029569","40.6752277","-74.0017805","ASUS_T00P"
"1498166029569","40.6752277","-74.0017805","ASUS_T00P"
"1498166029569","40.6752277","-74.0017805","ASUS_T00P"
"1498166029569","40.6752277","-74.0017805","ASUS_T00P"
"1498166029569","40.6752277","-74.0017805","ASUS_T00P"
"1498166029569","40.6752277","-74.0017805","ASUS_T00P"
"1498166029569","40.6752277","-74.0017805","ASUS_T00P"
"1498166029569","40.6752277","-74.0017805","ASUS_T00P"
"1498166029569","40.6752277","-74.0017805","ASUS_T00P"
"1498166029569","40.6752277","-74.0017805","ASUS_T00P"
"1498166029569","40.6752277","-74.0017805","ASUS_T00P"
"1498166029569","40.6752277","-74.0017805","ASUS_T00P"
"1498166029569","40.6752277","-74.0017805","ASUS_T00P"
"1498166029569","40.6752277","-74.0017805","ASUS_T00P"
"1498166029569","40.6752277","-74.0017805","ASUS_T00P"
"1498166029569","40.6752277","-74.0017805","ASUS_T00P"
"1498166029569","40.6752277","-74.0017805","ASUS_T00P"
"1498166029569","40.6752277","-74.0017805","ASUS_T00P"
"1498166029569","40.6752277","-74.0017805","ASUS_T00P"
"1498166029569","40.6752277","-74.0017805","ASUS_T00P"
"1498166029569","40.6752277","-74.0017805","ASUS_T00P"
"1498166029569","40.6752277","-74.0017805","ASUS_T00P"
"1498166029569","40.6752277","-74.0017805","ASUS_T00P"
"1498166029569","40.6752277","-74.0017805","ASUS_T00P"
"1498166029569","40.6752277","-74.0017805","ASUS_T00P"
"1498165969027","40.676573","-74.0011836","ASUS_T00P"
"1498165969027","40.676573","-74.0011836","ASUS_T00P"
"1498165969027","40.676573","-74.0011836","ASUS_T00P"
"1498165969027","40.676573","-74.0011836","ASUS_T00P"
"1498165969027","40.676573","-74.0011836","ASUS_T00P"
"1498165969027","40.676573","-74.0011836","ASUS_T00P"
"1498165969027","40.676573","-74.0011836","ASUS_T00P"
"1498165969027","40.676573","-74.0011836","ASUS_T00P"
"1498165969027","40.676573","-74.0011836","ASUS_T00P"
"1498165969027","40.676573","-74.0011836","ASUS_T00P"
"1498165969027","40.676573","-74.0011836","ASUS_T00P"
"1498165969027","40.676573","-74.0011836","ASUS_T00P"
"1498165969027","40.676573","-74.0011836","ASUS_T00P"
"1498165969027","40.676573","-74.0011836","ASUS_T00P"
"1498165969027","40.676573","-74.0011836","ASUS_T00P"
"1498165969027","40.676573","-74.0011836","ASUS_T00P"
"1498165969027","40.676573","-74.0011836","ASUS_T00P"
"1498165969027","40.676573","-74.0011836","ASUS_T00P"
"1498165969027","40.676573","-74.0011836","ASUS_T00P"
"1498165969027","40.676573","-74.0011836","ASUS_T00P"
"1498165969027","40.676573","-74.0011836","ASUS_T00P"
"1498165969027","40.676573","-74.0011836","ASUS_T00P"
"1498165767811","40.6748709","-74.0000818","ASUS_T00P"
"1498165767811","40.6748709","-74.0000818","ASUS_T00P"
"1498165767811","40.6748709","-74.0000818","ASUS_T00P"
"1498165767811","40.6748709","-74.0000818","ASUS_T00P"
"1498165767811","40.6748709","-74.0000818","ASUS_T00P"
"1498165767811","40.6748709","-74.0000818","ASUS_T00P"
"1498165767811","40.6748709","-74.0000818","ASUS_T00P"
"1498165767811","40.6748709","-74.0000818","ASUS_T00P"
"1498165767811","40.6748709","-74.0000818","ASUS_T00P"
"1498165767811","40.6748709","-74.0000818","ASUS_T00P"
"1498165767811","40.6748709","-74.0000818","ASUS_T00P"
"1498165767811","40.6748709","-74.0000818","ASUS_T00P"
"1498165767811","40.6748709","-74.0000818","ASUS_T00P"
"1498165767811","40.6748709","-74.0000818","ASUS_T00P"
"1498165767811","40.6748709","-74.0000818","ASUS_T00P"
"1498165767811","40.6748709","-74.0000818","ASUS_T00P"
"1498165767811","40.6748709","-74.0000818","ASUS_T00P"
"1498165767811","40.6748709","-74.0000818","ASUS_T00P"
"1498165767811","40.6748709","-74.0000818","ASUS_T00P"
"1498165767811","40.6748709","-74.0000818","ASUS_T00P"
"1498165767811","40.6748709","-74.0000818","ASUS_T00P"
"1498165767811","40.6748709","-74.0000818","ASUS_T00P"
"1498165767811","40.6748709","-74.0000818","ASUS_T00P"
"1498165767811","40.6748709","-74.0000818","ASUS_T00P"
"1498165767811","40.6748709","-74.0000818","ASUS_T00P"
"1498165767811","40.6748709","-74.0000818","ASUS_T00P"
"1498165767811","40.6748709","-74.0000818","ASUS_T00P"
"1498165767811","40.6748709","-74.0000818","ASUS_T00P"
"1498165625290","40.6732209","-73.9993473","ASUS_T00P"
"1498165625290","40.6732209","-73.9993473","ASUS_T00P"
"1498165625290","40.6732209","-73.9993473","ASUS_T00P"
"1498165625290","40.6732209","-73.9993473","ASUS_T00P"
"1498165625290","40.6732209","-73.9993473","ASUS_T00P"
"1498165625290","40.6732209","-73.9993473","ASUS_T00P"
"1498165625290","40.6732209","-73.9993473","ASUS_T00P"
"1498165625290","40.6732209","-73.9993473","ASUS_T00P"
"1498165625290","40.6732209","-73.9993473","ASUS_T00P"
"1498165625290","40.6732209","-73.9993473","ASUS_T00P"
"1498165625290","40.6732209","-73.9993473","ASUS_T00P"
"1498165625290","40.6732209","-73.9993473","ASUS_T00P"
"1498165625290","40.6732209","-73.9993473","ASUS_T00P"
"1498165625290","40.6732209","-73.9993473","ASUS_T00P"
"1498165625290","40.6732209","-73.9993473","ASUS_T00P"
"1498165625290","40.6732209","-73.9993473","ASUS_T00P"
"1498165625290","40.6732209","-73.9993473","ASUS_T00P"
"1498165625290","40.6732209","-73.9993473","ASUS_T00P"
"1498165625290","40.6732209","-73.9993473","ASUS_T00P"
"1498165625290","40.6732209","-73.9993473","ASUS_T00P"
"1498165625290","40.6732209","-73.9993473","ASUS_T00P"
"1498165625290","40.6732209","-73.9993473","ASUS_T00P"
"1498165625290","40.6732209","-73.9993473","ASUS_T00P"
"1498165625290","40.6732209","-73.9993473","ASUS_T00P"
"1498165625290","40.6732209","-73.9993473","ASUS_T00P"
"1498165625290","40.6732209","-73.9993473","ASUS_T00P"
"1498165625290","40.6732209","-73.9993473","ASUS_T00P"
"1498165625290","40.6732209","-73.9993473","ASUS_T00P"
"1498165625290","40.6732209","-73.9993473","ASUS_T00P"
"1498165625290","40.6732209","-73.9993473","ASUS_T00P"
"1498165625290","40.6732209","-73.9993473","ASUS_T00P"
"1498165625290","40.6732209","-73.9993473","ASUS_T00P"
"1498165605283","40.6678049","-73.9960418","ASUS_T00P"
"1498165605283","40.6678049","-73.9960418","ASUS_T00P"
"1498165605283","40.6678049","-73.9960418","ASUS_T00P"
"1498165605283","40.6678049","-73.9960418","ASUS_T00P"
"1498165605283","40.6678049","-73.9960418","ASUS_T00P"
"1498165605283","40.6678049","-73.9960418","ASUS_T00P"
"1498165605283","40.6678049","-73.9960418","ASUS_T00P"
"1498165605283","40.6678049","-73.9960418","ASUS_T00P"
"1498165605283","40.6678049","-73.9960418","ASUS_T00P"
"1498165605283","40.6678049","-73.9960418","ASUS_T00P"
"1498165605283","40.6678049","-73.9960418","ASUS_T00P"
"1498165605283","40.6678049","-73.9960418","ASUS_T00P"
"1498165605283","40.6678049","-73.9960418","ASUS_T00P"
"1498165605283","40.6678049","-73.9960418","ASUS_T00P"
"1498165605283","40.6678049","-73.9960418","ASUS_T00P"
"1498165605283","40.6678049","-73.9960418","ASUS_T00P"
"1498165605283","40.6678049","-73.9960418","ASUS_T00P"
"1498165605283","40.6678049","-73.9960418","ASUS_T00P"
"1498165605283","40.6678049","-73.9960418","ASUS_T00P"
"1498165605283","40.6678049","-73.9960418","ASUS_T00P"
"1498165605283","40.6678049","-73.9960418","ASUS_T00P"
"1498165605283","40.6678049","-73.9960418","ASUS_T00P"
"1498165605283","40.6678049","-73.9960418","ASUS_T00P"
"1498165605283","40.6678049","-73.9960418","ASUS_T00P"
"1498165605283","40.6678049","-73.9960418","ASUS_T00P"
"1498165605283","40.6678049","-73.9960418","ASUS_T00P"
"1498165605283","40.6678049","-73.9960418","ASUS_T00P"
"1498165505223","40.6722247","-73.9879614","ASUS_T00P"
"1498165505223","40.6722247","-73.9879614","ASUS_T00P"
"1498165505223","40.6722247","-73.9879614","ASUS_T00P"
"1498165505223","40.6722247","-73.9879614","ASUS_T00P"
"1498165505223","40.6722247","-73.9879614","ASUS_T00P"
"1498165505223","40.6722247","-73.9879614","ASUS_T00P"
"1498165505223","40.6722247","-73.9879614","ASUS_T00P"
"1498165505223","40.6722247","-73.9879614","ASUS_T00P"
"1498165505223","40.6722247","-73.9879614","ASUS_T00P"
"1498165505223","40.6722247","-73.9879614","ASUS_T00P"
"1498165505223","40.6722247","-73.9879614","ASUS_T00P"
"1498165505223","40.6722247","-73.9879614","ASUS_T00P"
"1498165505223","40.6722247","-73.9879614","ASUS_T00P"
"1498165505223","40.6722247","-73.9879614","ASUS_T00P"
"1498165505223","40.6722247","-73.9879614","ASUS_T00P"
"1498165505223","40.6722247","-73.9879614","ASUS_T00P"
"1498165505223","40.6722247","-73.9879614","ASUS_T00P"
"1498165505223","40.6722247","-73.9879614","ASUS_T00P"
"1498165505223","40.6722247","-73.9879614","ASUS_T00P"
"1498165505223","40.6722247","-73.9879614","ASUS_T00P"
"1498165505223","40.6722247","-73.9879614","ASUS_T00P"
"1498165505223","40.6722247","-73.9879614","ASUS_T00P"
"1498165505223","40.6722247","-73.9879614","ASUS_T00P"
"1498165465200","40.6678049","-73.9960418","ASUS_T00P"
"1498165465200","40.6678049","-73.9960418","ASUS_T00P"
"1498165465200","40.6678049","-73.9960418","ASUS_T00P"
"1498165465200","40.6678049","-73.9960418","ASUS_T00P"
"1498165465200","40.6678049","-73.9960418","ASUS_T00P"
"1498165465200","40.6678049","-73.9960418","ASUS_T00P"
"1498165465200","40.6678049","-73.9960418","ASUS_T00P"
"1498165465200","40.6678049","-73.9960418","ASUS_T00P"
"1498165465200","40.6678049","-73.9960418","ASUS_T00P"
"1498165465200","40.6678049","-73.9960418","ASUS_T00P"
"1498165465200","40.6678049","-73.9960418","ASUS_T00P"
"1498165465200","40.6678049","-73.9960418","ASUS_T00P"
"1498165465200","40.6678049","-73.9960418","ASUS_T00P"
"1498165465200","40.6678049","-73.9960418","ASUS_T00P"
"1498165465200","40.6678049","-73.9960418","ASUS_T00P"
"1498165465200","40.6678049","-73.9960418","ASUS_T00P"
"1498165465200","40.6678049","-73.9960418","ASUS_T00P"
"1498165404879","40.6715122","-73.9938381","ASUS_T00P"
"1498165404879","40.6715122","-73.9938381","ASUS_T00P"
"1498165404879","40.6715122","-73.9938381","ASUS_T00P"
"1498165404879","40.6715122","-73.9938381","ASUS_T00P"
"1498165404879","40.6715122","-73.9938381","ASUS_T00P"
"1498165404879","40.6715122","-73.9938381","ASUS_T00P"
"1498165404879","40.6715122","-73.9938381","ASUS_T00P"
"1498165404879","40.6715122","-73.9938381","ASUS_T00P"
"1498165404879","40.6715122","-73.9938381","ASUS_T00P"
"1498165404879","40.6715122","-73.9938381","ASUS_T00P"
"1498165404879","40.6715122","-73.9938381","ASUS_T00P"
"1498165404879","40.6715122","-73.9938381","ASUS_T00P"
"1498165404879","40.6715122","-73.9938381","ASUS_T00P"
"1498165384868","40.6678049","-73.9960418","ASUS_T00P"
"1498165384868","40.6678049","-73.9960418","ASUS_T00P"
"1498165384868","40.6678049","-73.9960418","ASUS_T00P"
"1498165384868","40.6678049","-73.9960418","ASUS_T00P"
"1498165384868","40.6678049","-73.9960418","ASUS_T00P"
"1498165384868","40.6678049","-73.9960418","ASUS_T00P"
"1498165384868","40.6678049","-73.9960418","ASUS_T00P"
"1498165384868","40.6678049","-73.9960418","ASUS_T00P"
"1498165384868","40.6678049","-73.9960418","ASUS_T00P"
"1498165384868","40.6678049","-73.9960418","ASUS_T00P"
"1498165384868","40.6678049","-73.9960418","ASUS_T00P"
"1498165384868","40.6678049","-73.9960418","ASUS_T00P"
"1498165384868","40.6678049","-73.9960418","ASUS_T00P"
"1498165384868","40.6678049","-73.9960418","ASUS_T00P"
"1498165384868","40.6678049","-73.9960418","ASUS_T00P"
"1498165364864","40.6753267","-73.9945727","ASUS_T00P"
"1498165364864","40.6753267","-73.9945727","ASUS_T00P"
"1498165364864","40.6753267","-73.9945727","ASUS_T00P"
"1498165364864","40.6753267","-73.9945727","ASUS_T00P"
"1498165364864","40.6753267","-73.9945727","ASUS_T00P"
"1498165364864","40.6753267","-73.9945727","ASUS_T00P"
"1498165364864","40.6753267","-73.9945727","ASUS_T00P"
"1498165364864","40.6753267","-73.9945727","ASUS_T00P"
"1498165244779","40.6753721","-73.9905325","ASUS_T00P"
"1498165224776","40.6722247","-73.9879614","ASUS_T00P"
"1498165183047","40.6753721","-73.9905325","ASUS_T00P"
"1498165183047","40.6753721","-73.9905325","ASUS_T00P"
"1498165183047","40.6753721","-73.9905325","ASUS_T00P"
"1498165183047","40.6753721","-73.9905325","ASUS_T00P"
"1498165183047","40.6753721","-73.9905325","ASUS_T00P"
"1498165183047","40.6753721","-73.9905325","ASUS_T00P"
"1498165183047","40.6753721","-73.9905325","ASUS_T00P"
"1498165163033","40.6753267","-73.9945727","ASUS_T00P"
"1498165163033","40.6753267","-73.9945727","ASUS_T00P"
"1498165163033","40.6753267","-73.9945727","ASUS_T00P"
"1498165163033","40.6753267","-73.9945727","ASUS_T00P"
"1498165163033","40.6753267","-73.9945727","ASUS_T00P"
"1498165163033","40.6753267","-73.9945727","ASUS_T00P"
"1498165163033","40.6753267","-73.9945727","ASUS_T00P"
"1498165163033","40.6753267","-73.9945727","ASUS_T00P"
"1498165163033","40.6753267","-73.9945727","ASUS_T00P"
"1498165163033","40.6753267","-73.9945727","ASUS_T00P"
"1498165143024","40.6722247","-73.9879614","ASUS_T00P"
"1498165143024","40.6722247","-73.9879614","ASUS_T00P"
"1498165143024","40.6722247","-73.9879614","ASUS_T00P"
"1498165143024","40.6722247","-73.9879614","ASUS_T00P"
"1498165143024","40.6722247","-73.9879614","ASUS_T00P"
"1498165143024","40.6722247","-73.9879614","ASUS_T00P"
"1498165143024","40.6722247","-73.9879614","ASUS_T00P"
"1498165143024","40.6722247","-73.9879614","ASUS_T00P"
"1498165143024","40.6722247","-73.9879614","ASUS_T00P"
"1498165143024","40.6722247","-73.9879614","ASUS_T00P"
"1498165120040","40.6788903","-74.0000818","ASUS_T00P"
"1498165120040","40.6788903","-74.0000818","ASUS_T00P"
"1498165120040","40.6788903","-74.0000818","ASUS_T00P"
"1498165120040","40.6788903","-74.0000818","ASUS_T00P"
"1498165120040","40.6788903","-74.0000818","ASUS_T00P"
"1498165120040","40.6788903","-74.0000818","ASUS_T00P"
"1498165120040","40.6788903","-74.0000818","ASUS_T00P"
"1498165120040","40.6788903","-74.0000818","ASUS_T00P"
"1498164978018","40.686778","-73.9904473","ASUS_T00P"
"1498164978018","40.686778","-73.9904473","ASUS_T00P"
"1498164978018","40.686778","-73.9904473","ASUS_T00P"
"1498164978018","40.686778","-73.9904473","ASUS_T00P"
"1498164978018","40.686778","-73.9904473","ASUS_T00P"
"1498164801252","40.691964","-73.9869415","ASUS_T00P"
"1498164801252","40.691964","-73.9869415","ASUS_T00P"
"1498164801252","40.691964","-73.9869415","ASUS_T00P"
"1498164801252","40.691964","-73.9869415","ASUS_T00P"
"1498164740945","40.6919046","-73.9870344","ASUS_T00P"
"1498164740945","40.6919046","-73.9870344","ASUS_T00P"
"1498164740945","40.6919046","-73.9870344","ASUS_T00P"
"1498164740945","40.6919046","-73.9870344","ASUS_T00P"
"1498164740945","40.6919046","-73.9870344","ASUS_T00P"
"1498164740945","40.6919046","-73.9870344","ASUS_T00P"
"1498164740945","40.6919046","-73.9870344","ASUS_T00P"
"1498164740945","40.6919046","-73.9870344","ASUS_T00P"
"1498164740945","40.6919046","-73.9870344","ASUS_T00P"
"1498164740945","40.6919046","-73.9870344","ASUS_T00P"
"1498164740945","40.6919046","-73.9870344","ASUS_T00P"
"1498164740945","40.6919046","-73.9870344","ASUS_T00P"
"1498164740945","40.6919046","-73.9870344","ASUS_T00P"
"1498164740344","40.6916661","-73.9871958","ASUS_T00P"
"1498164740344","40.6916661","-73.9871958","ASUS_T00P"
"1498164740344","40.6916661","-73.9871958","ASUS_T00P"
"1498164740344","40.6916661","-73.9871958","ASUS_T00P"
"1498164740344","40.6916661","-73.9871958","ASUS_T00P"
"1498164740344","40.6916661","-73.9871958","ASUS_T00P"
"1498164740344","40.6916661","-73.9871958","ASUS_T00P"
"1498164740344","40.6916661","-73.9871958","ASUS_T00P"
"1498164740344","40.6916661","-73.9871958","ASUS_T00P"
"1498164740344","40.6916661","-73.9871958","ASUS_T00P"
"1498164740344","40.6916661","-73.9871958","ASUS_T00P"
"1498164740344","40.6916661","-73.9871958","ASUS_T00P"
"1498164740344","40.6916661","-73.9871958","ASUS_T00P"
"1498164674619","40.6919708","-73.9870604","ASUS_T00P"
"1498164674619","40.6919708","-73.9870604","ASUS_T00P"
"1498164674619","40.6919708","-73.9870604","ASUS_T00P"
"1498164674619","40.6919708","-73.9870604","ASUS_T00P"
"1498164674619","40.6919708","-73.9870604","ASUS_T00P"
"1498164674619","40.6919708","-73.9870604","ASUS_T00P"
"1498164674619","40.6919708","-73.9870604","ASUS_T00P"
"1498164674619","40.6919708","-73.9870604","ASUS_T00P"
"1498164674619","40.6919708","-73.9870604","ASUS_T00P"
"1498164674619","40.6919708","-73.9870604","ASUS_T00P"
"1498164674619","40.6919708","-73.9870604","ASUS_T00P"
"1498164674619","40.6919708","-73.9870604","ASUS_T00P"
"1498164674619","40.6919708","-73.9870604","ASUS_T00P"
"1498164674619","40.6919708","-73.9870604","ASUS_T00P"
"1498164674619","40.6919708","-73.9870604","ASUS_T00P"
"1498164674619","40.6919708","-73.9870604","ASUS_T00P"
"1498164674619","40.6919708","-73.9870604","ASUS_T00P"
"1498164574559","40.6917686","-73.9873105","ASUS_T00P"
"1498164574559","40.6917686","-73.9873105","ASUS_T00P"
"1498164574559","40.6917686","-73.9873105","ASUS_T00P"
"1498164574559","40.6917686","-73.9873105","ASUS_T00P"
"1498164574559","40.6917686","-73.9873105","ASUS_T00P"
"1498164574559","40.6917686","-73.9873105","ASUS_T00P"
"1498164574559","40.6917686","-73.9873105","ASUS_T00P"
"1498164574559","40.6917686","-73.9873105","ASUS_T00P"
"1498164574559","40.6917686","-73.9873105","ASUS_T00P"
"1498164574559","40.6917686","-73.9873105","ASUS_T00P"
"1498164574559","40.6917686","-73.9873105","ASUS_T00P"
"1498164574559","40.6917686","-73.9873105","ASUS_T00P"
"1498164574559","40.6917686","-73.9873105","ASUS_T00P"
"1498164544138","40.6921326","-73.9873088","ASUS_T00P"
"1498164544138","40.6921326","-73.9873088","ASUS_T00P"
"1498164544138","40.6921326","-73.9873088","ASUS_T00P"
"1498164544138","40.6921326","-73.9873088","ASUS_T00P"
"1498164544138","40.6921326","-73.9873088","ASUS_T00P"
"1498164544138","40.6921326","-73.9873088","ASUS_T00P"
"1498164544138","40.6921326","-73.9873088","ASUS_T00P"
"1498164544138","40.6921326","-73.9873088","ASUS_T00P"
"1498164544138","40.6921326","-73.9873088","ASUS_T00P"
"1498164544138","40.6921326","-73.9873088","ASUS_T00P"
"1498164544138","40.6921326","-73.9873088","ASUS_T00P"
"1498164544138","40.6921326","-73.9873088","ASUS_T00P"
"1498164544138","40.6921326","-73.9873088","ASUS_T00P"
"1498164544138","40.6921326","-73.9873088","ASUS_T00P"
"1498164535354","40.6923012","-73.9872578","ASUS_T00P"
"1498164535354","40.6923012","-73.9872578","ASUS_T00P"
"1498164535354","40.6923012","-73.9872578","ASUS_T00P"
"1498164535354","40.6923012","-73.9872578","ASUS_T00P"
"1498164535354","40.6923012","-73.9872578","ASUS_T00P"
"1498164535354","40.6923012","-73.9872578","ASUS_T00P"
"1498164535354","40.6923012","-73.9872578","ASUS_T00P"
"1498164535354","40.6923012","-73.9872578","ASUS_T00P"
"1498164495312","40.6918855","-73.9868137","ASUS_T00P"
"1498164495312","40.6918855","-73.9868137","ASUS_T00P"
"1498164495312","40.6918855","-73.9868137","ASUS_T00P"
"1498164495312","40.6918855","-73.9868137","ASUS_T00P"
"1498164495312","40.6918855","-73.9868137","ASUS_T00P"
"1498164495312","40.6918855","-73.9868137","ASUS_T00P"
"1498164495312","40.6918855","-73.9868137","ASUS_T00P"
"1498164495312","40.6918855","-73.9868137","ASUS_T00P"
"1498164495312","40.6918855","-73.9868137","ASUS_T00P"
"1498164495312","40.6918855","-73.9868137","ASUS_T00P"
"1498164495312","40.6918855","-73.9868137","ASUS_T00P"
"1498164495312","40.6918855","-73.9868137","ASUS_T00P"
"1498164495312","40.6918855","-73.9868137","ASUS_T00P"
"1498164495312","40.6918855","-73.9868137","ASUS_T00P"
"1498164495312","40.6918855","-73.9868137","ASUS_T00P"
"1498164455240","40.6920271","-73.9867219","ASUS_T00P"
"1498164455240","40.6920271","-73.9867219","ASUS_T00P"
"1498164455240","40.6920271","-73.9867219","ASUS_T00P"
"1498164455240","40.6920271","-73.9867219","ASUS_T00P"
"1498164455240","40.6920271","-73.9867219","ASUS_T00P"
"1498164455240","40.6920271","-73.9867219","ASUS_T00P"
"1498164455240","40.6920271","-73.9867219","ASUS_T00P"
"1498164415337","40.6920401","-73.9868137","ASUS_T00P"
"1498164415337","40.6920401","-73.9868137","ASUS_T00P"
"1498164415337","40.6920401","-73.9868137","ASUS_T00P"
"1498164415337","40.6920401","-73.9868137","ASUS_T00P"
"1498164415337","40.6920401","-73.9868137","ASUS_T00P"
"1498164415337","40.6920401","-73.9868137","ASUS_T00P"
"1498164415337","40.6920401","-73.9868137","ASUS_T00P"
"1498164415337","40.6920401","-73.9868137","ASUS_T00P"
"1498164375268","40.6920895","-73.9855281","ASUS_T00P"
"1498164375268","40.6920895","-73.9855281","ASUS_T00P"
"1498164375268","40.6920895","-73.9855281","ASUS_T00P"
"1498164375268","40.6920895","-73.9855281","ASUS_T00P"
"1498164375268","40.6920895","-73.9855281","ASUS_T00P"
"1498164375268","40.6920895","-73.9855281","ASUS_T00P"
"1498164375268","40.6920895","-73.9855281","ASUS_T00P"
"1498164375268","40.6920895","-73.9855281","ASUS_T00P"
"1498164375268","40.6920895","-73.9855281","ASUS_T00P"
"1498164375268","40.6920895","-73.9855281","ASUS_T00P"
"1498164375268","40.6920895","-73.9855281","ASUS_T00P"
"1498164334892","40.6921789","-73.985069","ASUS_T00P"
"1498164334892","40.6921789","-73.985069","ASUS_T00P"
"1498164334892","40.6921789","-73.985069","ASUS_T00P"
"1498164334892","40.6921789","-73.985069","ASUS_T00P"
"1498164334892","40.6921789","-73.985069","ASUS_T00P"
"1498164334892","40.6921789","-73.985069","ASUS_T00P"
"1498164334892","40.6921789","-73.985069","ASUS_T00P"
"1498164313172","40.6922562","-73.985069","ASUS_T00P"
"1498164313172","40.6922562","-73.985069","ASUS_T00P"
"1498164313172","40.6922562","-73.985069","ASUS_T00P"
"1498164313172","40.6922562","-73.985069","ASUS_T00P"
"1498164313172","40.6922562","-73.985069","ASUS_T00P"
"1498164313172","40.6922562","-73.985069","ASUS_T00P"
"1498164313172","40.6922562","-73.985069","ASUS_T00P"
"1498164000070","40.6922146","-73.9872268","ASUS_T00P"
"1498164000070","40.6922146","-73.9872268","ASUS_T00P"
"1498164000070","40.6922146","-73.9872268","ASUS_T00P"
"1498164000070","40.6922146","-73.9872268","ASUS_T00P"
"1498164000070","40.6922146","-73.9872268","ASUS_T00P"
"1498164000070","40.6922146","-73.9872268","ASUS_T00P"
"1498164000070","40.6922146","-73.9872268","ASUS_T00P"
"1498164000070","40.6922146","-73.9872268","ASUS_T00P"
"1498164000070","40.6922146","-73.9872268","ASUS_T00P"
"1498163751676","40.6921625","-73.9868596","ASUS_T00P"
"1498163751676","40.6921625","-73.9868596","ASUS_T00P"
"1498163751676","40.6921625","-73.9868596","ASUS_T00P"
"1498163751676","40.6921625","-73.9868596","ASUS_T00P"
"1498163751676","40.6921625","-73.9868596","ASUS_T00P"
"1498163751676","40.6921625","-73.9868596","ASUS_T00P"
"1498163751676","40.6921625","-73.9868596","ASUS_T00P"
"1498163751676","40.6921625","-73.9868596","ASUS_T00P"
"1498163751676","40.6921625","-73.9868596","ASUS_T00P"
"1498163751676","40.6921625","-73.9868596","ASUS_T00P"
"1498163751676","40.6921625","-73.9868596","ASUS_T00P"
"1498163751676","40.6921625","-73.9868596","ASUS_T00P"
"1498163751676","40.6921625","-73.9868596","ASUS_T00P"
"1498163751676","40.6921625","-73.9868596","ASUS_T00P"
"1498163751676","40.6921625","-73.9868596","ASUS_T00P"
"1498163751676","40.6921625","-73.9868596","ASUS_T00P"
"1498163751676","40.6921625","-73.9868596","ASUS_T00P"
"1498163751676","40.6921625","-73.9868596","ASUS_T00P"
"1498163751676","40.6921625","-73.9868596","ASUS_T00P"
"1498163751676","40.6921625","-73.9868596","ASUS_T00P"
"1498163751676","40.6921625","-73.9868596","ASUS_T00P"
"1498163751676","40.6921625","-73.9868596","ASUS_T00P"
"1498163751676","40.6921625","-73.9868596","ASUS_T00P"
"1498163751676","40.6921625","-73.9868596","ASUS_T00P"
"1498163751676","40.6921625","-73.9868596","ASUS_T00P"
"1498163751676","40.6921625","-73.9868596","ASUS_T00P"
"1498163751676","40.6921625","-73.9868596","ASUS_T00P"
"1498163751676","40.6921625","-73.9868596","ASUS_T00P"
"1498163751676","40.6921625","-73.9868596","ASUS_T00P"
"1498163751676","40.6921625","-73.9868596","ASUS_T00P"
"1498163700034","40.6927806","-73.9868596","ASUS_T00P"
"1498163700034","40.6927806","-73.9868596","ASUS_T00P"
"1498163700034","40.6927806","-73.9868596","ASUS_T00P"
"1498163700034","40.6927806","-73.9868596","ASUS_T00P"
"1498163700034","40.6927806","-73.9868596","ASUS_T00P"
"1498163700034","40.6927806","-73.9868596","ASUS_T00P"
"1498163700034","40.6927806","-73.9868596","ASUS_T00P"
"1498163700034","40.6927806","-73.9868596","ASUS_T00P"
"1498163700034","40.6927806","-73.9868596","ASUS_T00P"
"1498163700034","40.6927806","-73.9868596","ASUS_T00P"
"1498163700034","40.6927806","-73.9868596","ASUS_T00P"
"1498163700034","40.6927806","-73.9868596","ASUS_T00P"
"1498163700034","40.6927806","-73.9868596","ASUS_T00P"
"1498163700034","40.6927806","-73.9868596","ASUS_T00P"
"1498163700034","40.6927806","-73.9868596","ASUS_T00P"
"1498163700034","40.6927806","-73.9868596","ASUS_T00P"
"1498163700034","40.6927806","-73.9868596","ASUS_T00P"
"1498163700034","40.6927806","-73.9868596","ASUS_T00P"
"1498163700034","40.6927806","-73.9868596","ASUS_T00P"
"1498163700034","40.6927806","-73.9868596","ASUS_T00P"
"1498163700034","40.6927806","-73.9868596","ASUS_T00P"
"1498163700034","40.6927806","-73.9868596","ASUS_T00P"
"1498163700034","40.6927806","-73.9868596","ASUS_T00P"
"1498163700034","40.6927806","-73.9868596","ASUS_T00P"
"1498163700034","40.6927806","-73.9868596","ASUS_T00P"
"1498163700034","40.6927806","-73.9868596","ASUS_T00P"
"1498163700034","40.6927806","-73.9868596","ASUS_T00P"
"1498163700034","40.6927806","-73.9868596","ASUS_T00P"
"1498163700034","40.6927806","-73.9868596","ASUS_T00P"
"1498163700034","40.6927806","-73.9868596","ASUS_T00P"
"1498163700034","40.6927806","-73.9868596","ASUS_T00P"
"1498163700034","40.6927806","-73.9868596","ASUS_T00P"
"1498163700034","40.6927806","-73.9868596","ASUS_T00P"
"1498163700034","40.6927806","-73.9868596","ASUS_T00P"
"1498163700034","40.6927806","-73.9868596","ASUS_T00P"
"1498163700034","40.6927806","-73.9868596","ASUS_T00P"
"1498163700034","40.6927806","-73.9868596","ASUS_T00P"
"1498163700034","40.6927806","-73.9868596","ASUS_T00P"
"1498163700034","40.6927806","-73.9868596","ASUS_T00P"
"1498163700034","40.6927806","-73.9868596","ASUS_T00P"
"1498163700034","40.6927806","-73.9868596","ASUS_T00P"
"1498163700034","40.6927806","-73.9868596","ASUS_T00P"
"1498163700034","40.6927806","-73.9868596","ASUS_T00P"
"1498163700034","40.6927806","-73.9868596","ASUS_T00P"
"1498163700034","40.6927806","-73.9868596","ASUS_T00P"
"1498163700034","40.6927806","-73.9868596","ASUS_T00P"
"1498163451663","40.6933988","-73.9868596","ASUS_T00P"
"1498163451663","40.6933988","-73.9868596","ASUS_T00P"
"1498163451663","40.6933988","-73.9868596","ASUS_T00P"
"1498163451663","40.6933988","-73.9868596","ASUS_T00P"
"1498163451663","40.6933988","-73.9868596","ASUS_T00P"
"1498163451663","40.6933988","-73.9868596","ASUS_T00P"
"1498163451663","40.6933988","-73.9868596","ASUS_T00P"
"1498163451663","40.6933988","-73.9868596","ASUS_T00P"
"1498163451663","40.6933988","-73.9868596","ASUS_T00P"
"1498163451663","40.6933988","-73.9868596","ASUS_T00P"
"1498163451663","40.6933988","-73.9868596","ASUS_T00P"
"1498163451663","40.6933988","-73.9868596","ASUS_T00P"
"1498163451663","40.6933988","-73.9868596","ASUS_T00P"
"1498163451663","40.6933988","-73.9868596","ASUS_T00P"
"1498163451663","40.6933988","-73.9868596","ASUS_T00P"
"1498163451663","40.6933988","-73.9868596","ASUS_T00P"
"1498163451663","40.6933988","-73.9868596","ASUS_T00P"
"1498163451663","40.6933988","-73.9868596","ASUS_T00P"
"1498163451663","40.6933988","-73.9868596","ASUS_T00P"
"1498163451663","40.6933988","-73.9868596","ASUS_T00P"
"1498163451663","40.6933988","-73.9868596","ASUS_T00P"
"1498163451663","40.6933988","-73.9868596","ASUS_T00P"
"1498163451663","40.6933988","-73.9868596","ASUS_T00P"
"1498163323943","40.6932382","-73.9870892","ASUS_T00P"
"1498163323943","40.6932382","-73.9870892","ASUS_T00P"
"1498163323943","40.6932382","-73.9870892","ASUS_T00P"
"1498163323943","40.6932382","-73.9870892","ASUS_T00P"
"1498163323943","40.6932382","-73.9870892","ASUS_T00P"
"1498163323943","40.6932382","-73.9870892","ASUS_T00P"
"1498163323943","40.6932382","-73.9870892","ASUS_T00P"
"1498163323943","40.6932382","-73.9870892","ASUS_T00P"
"1498163323943","40.6932382","-73.9870892","ASUS_T00P"
"1498163323943","40.6932382","-73.9870892","ASUS_T00P"
"1498163323943","40.6932382","-73.9870892","ASUS_T00P"
"1498163323943","40.6932382","-73.9870892","ASUS_T00P"
"1498163323943","40.6932382","-73.9870892","ASUS_T00P"
"1498163323943","40.6932382","-73.9870892","ASUS_T00P"
"1498163323943","40.6932382","-73.9870892","ASUS_T00P"
"1498163323943","40.6932382","-73.9870892","ASUS_T00P"
"1498163323943","40.6932382","-73.9870892","ASUS_T00P"
"1498163323943","40.6932382","-73.9870892","ASUS_T00P"
"1498163323943","40.6932382","-73.9870892","ASUS_T00P"
"1498163323943","40.6932382","-73.9870892","ASUS_T00P"
"1498163323943","40.6932382","-73.9870892","ASUS_T00P"
"1498163323943","40.6932382","-73.9870892","ASUS_T00P"
"1498163323943","40.6932382","-73.9870892","ASUS_T00P"
"1498163323943","40.6932382","-73.9870892","ASUS_T00P"
"1498163323943","40.6932382","-73.9870892","ASUS_T00P"
"1498163323943","40.6932382","-73.9870892","ASUS_T00P"
"1498163323943","40.6932382","-73.9870892","ASUS_T00P"
"1498163323943","40.6932382","-73.9870892","ASUS_T00P"
"1498163323943","40.6932382","-73.9870892","ASUS_T00P"
"1498163323943","40.6932382","-73.9870892","ASUS_T00P"
"1498163323943","40.6932382","-73.9870892","ASUS_T00P"
"1498163323943","40.6932382","-73.9870892","ASUS_T00P"
"1498163323943","40.6932382","-73.9870892","ASUS_T00P"
"1498163280421","40.6934188","-73.9872728","ASUS_T00P"
"1498163280421","40.6934188","-73.9872728","ASUS_T00P"
"1498163280421","40.6934188","-73.9872728","ASUS_T00P"
"1498163280421","40.6934188","-73.9872728","ASUS_T00P"
"1498163280421","40.6934188","-73.9872728","ASUS_T00P"
"1498163280421","40.6934188","-73.9872728","ASUS_T00P"
"1498163280421","40.6934188","-73.9872728","ASUS_T00P"
"1498163280421","40.6934188","-73.9872728","ASUS_T00P"
"1498163280421","40.6934188","-73.9872728","ASUS_T00P"
"1498163280421","40.6934188","-73.9872728","ASUS_T00P"
"1498163280421","40.6934188","-73.9872728","ASUS_T00P"
"1498163280421","40.6934188","-73.9872728","ASUS_T00P"
"1498163280421","40.6934188","-73.9872728","ASUS_T00P"
"1498163280421","40.6934188","-73.9872728","ASUS_T00P"
"1498163280421","40.6934188","-73.9872728","ASUS_T00P"
"1498163280421","40.6934188","-73.9872728","ASUS_T00P"
"1498163280421","40.6934188","-73.9872728","ASUS_T00P"
"1498163280421","40.6934188","-73.9872728","ASUS_T00P"
"1498163280421","40.6934188","-73.9872728","ASUS_T00P"
"1498163280421","40.6934188","-73.9872728","ASUS_T00P"
"1498163280421","40.6934188","-73.9872728","ASUS_T00P"
"1498163280421","40.6934188","-73.9872728","ASUS_T00P"
"1498163280421","40.6934188","-73.9872728","ASUS_T00P"
"1498163280421","40.6934188","-73.9872728","ASUS_T00P"
"1498163280421","40.6934188","-73.9872728","ASUS_T00P"
"1498163280421","40.6934188","-73.9872728","ASUS_T00P"
"1498163280421","40.6934188","-73.9872728","ASUS_T00P"
"1498163280421","40.6934188","-73.9872728","ASUS_T00P"
"1498163280421","40.6934188","-73.9872728","ASUS_T00P"
"1498163280421","40.6934188","-73.9872728","ASUS_T00P"
"1498163280421","40.6934188","-73.9872728","ASUS_T00P"
"1498163280421","40.6934188","-73.9872728","ASUS_T00P"
"1498163280421","40.6934188","-73.9872728","ASUS_T00P"
"1498163280421","40.6934188","-73.9872728","ASUS_T00P"
"1498163280421","40.6934188","-73.9872728","ASUS_T00P"
"1498163280421","40.6934188","-73.9872728","ASUS_T00P"
"1498163280421","40.6934188","-73.9872728","ASUS_T00P"
"1498163280421","40.6934188","-73.9872728","ASUS_T00P"
"1498163280421","40.6934188","-73.9872728","ASUS_T00P"
"1498163280421","40.6934188","-73.9872728","ASUS_T00P"
"1498163280421","40.6934188","-73.9872728","ASUS_T00P"
"1498163280421","40.6934188","-73.9872728","ASUS_T00P"
"1498163280421","40.6934188","-73.9872728","ASUS_T00P"
"1498163280421","40.6934188","-73.9872728","ASUS_T00P"
"1498163280421","40.6934188","-73.9872728","ASUS_T00P"
"1498163280421","40.6934188","-73.9872728","ASUS_T00P"
"1498163280421","40.6934188","-73.9872728","ASUS_T00P"
"1498163280421","40.6934188","-73.9872728","ASUS_T00P"
"1498163219764","40.6935473","-73.9870892","ASUS_T00P"
"1498163219764","40.6935473","-73.9870892","ASUS_T00P"
"1498163219764","40.6935473","-73.9870892","ASUS_T00P"
"1498163219764","40.6935473","-73.9870892","ASUS_T00P"
"1498163219764","40.6935473","-73.9870892","ASUS_T00P"
"1498163219764","40.6935473","-73.9870892","ASUS_T00P"
"1498163219764","40.6935473","-73.9870892","ASUS_T00P"
"1498163219764","40.6935473","-73.9870892","ASUS_T00P"
"1498163219764","40.6935473","-73.9870892","ASUS_T00P"
"1498163219764","40.6935473","-73.9870892","ASUS_T00P"
"1498163219764","40.6935473","-73.9870892","ASUS_T00P"
"1498163219764","40.6935473","-73.9870892","ASUS_T00P"
"1498163219764","40.6935473","-73.9870892","ASUS_T00P"
"1498163219764","40.6935473","-73.9870892","ASUS_T00P"
"1498163219764","40.6935473","-73.9870892","ASUS_T00P"
"1498163219764","40.6935473","-73.9870892","ASUS_T00P"
"1498163219764","40.6935473","-73.9870892","ASUS_T00P"
"1498163219764","40.6935473","-73.9870892","ASUS_T00P"
"1498163219764","40.6935473","-73.9870892","ASUS_T00P"
"1498163219764","40.6935473","-73.9870892","ASUS_T00P"
"1498163219764","40.6935473","-73.9870892","ASUS_T00P"
"1498163219764","40.6935473","-73.9870892","ASUS_T00P"
"1498163219764","40.6935473","-73.9870892","ASUS_T00P"
"1498163219764","40.6935473","-73.9870892","ASUS_T00P"
"1498163219764","40.6935473","-73.9870892","ASUS_T00P"
"1498163219764","40.6935473","-73.9870892","ASUS_T00P"
"1498163219764","40.6935473","-73.9870892","ASUS_T00P"
"1498163219764","40.6935473","-73.9870892","ASUS_T00P"
"1498163219764","40.6935473","-73.9870892","ASUS_T00P"
"1498163219764","40.6935473","-73.9870892","ASUS_T00P"
"1498163219764","40.6935473","-73.9870892","ASUS_T00P"
"1498163219764","40.6935473","-73.9870892","ASUS_T00P"
"1498163219764","40.6935473","-73.9870892","ASUS_T00P"
"1498163219764","40.6935473","-73.9870892","ASUS_T00P"
"1498163219764","40.6935473","-73.9870892","ASUS_T00P"
"1498163219764","40.6935473","-73.9870892","ASUS_T00P"
"1498163219764","40.6935473","-73.9870892","ASUS_T00P"
"1498163219764","40.6935473","-73.9870892","ASUS_T00P"
"1498163219764","40.6935473","-73.9870892","ASUS_T00P"
"1498163199313","40.6934188","-73.9872728","ASUS_T00P"
"1498163199313","40.6934188","-73.9872728","ASUS_T00P"
"1498163199313","40.6934188","-73.9872728","ASUS_T00P"
"1498163199313","40.6934188","-73.9872728","ASUS_T00P"
"1498163199313","40.6934188","-73.9872728","ASUS_T00P"
"1498163199313","40.6934188","-73.9872728","ASUS_T00P"
"1498163199313","40.6934188","-73.9872728","ASUS_T00P"
"1498163199313","40.6934188","-73.9872728","ASUS_T00P"
"1498163199313","40.6934188","-73.9872728","ASUS_T00P"
"1498163199313","40.6934188","-73.9872728","ASUS_T00P"
"1498163199313","40.6934188","-73.9872728","ASUS_T00P"
"1498163199313","40.6934188","-73.9872728","ASUS_T00P"
"1498163199313","40.6934188","-73.9872728","ASUS_T00P"
"1498163199313","40.6934188","-73.9872728","ASUS_T00P"
"1498163199313","40.6934188","-73.9872728","ASUS_T00P"
"1498163199313","40.6934188","-73.9872728","ASUS_T00P"
"1498163199313","40.6934188","-73.9872728","ASUS_T00P"
"1498163199313","40.6934188","-73.9872728","ASUS_T00P"
"1498163199313","40.6934188","-73.9872728","ASUS_T00P"
"1498163199313","40.6934188","-73.9872728","ASUS_T00P"
"1498163199313","40.6934188","-73.9872728","ASUS_T00P"
"1498163199313","40.6934188","-73.9872728","ASUS_T00P"
"1498163199313","40.6934188","-73.9872728","ASUS_T00P"
"1498163199313","40.6934188","-73.9872728","ASUS_T00P"
"1498163199313","40.6934188","-73.9872728","ASUS_T00P"
"1498163199313","40.6934188","-73.9872728","ASUS_T00P"
"1498163199313","40.6934188","-73.9872728","ASUS_T00P"
"1498163199313","40.6934188","-73.9872728","ASUS_T00P"
"1498163199313","40.6934188","-73.9872728","ASUS_T00P"
"1498163199313","40.6934188","-73.9872728","ASUS_T00P"
"1498163199313","40.6934188","-73.9872728","ASUS_T00P"
"1498163199313","40.6934188","-73.9872728","ASUS_T00P"
"1498163199313","40.6934188","-73.9872728","ASUS_T00P"
"1498163199313","40.6934188","-73.9872728","ASUS_T00P"
"1498163199313","40.6934188","-73.9872728","ASUS_T00P"
"1498163199313","40.6934188","-73.9872728","ASUS_T00P"
"1498163199313","40.6934188","-73.9872728","ASUS_T00P"
"1498163199313","40.6934188","-73.9872728","ASUS_T00P"
"1498163199313","40.6934188","-73.9872728","ASUS_T00P"
"1498163179475","40.6934961","-73.9872728","ASUS_T00P"
"1498163179475","40.6934961","-73.9872728","ASUS_T00P"
"1498163179475","40.6934961","-73.9872728","ASUS_T00P"
"1498163179475","40.6934961","-73.9872728","ASUS_T00P"
"1498163179475","40.6934961","-73.9872728","ASUS_T00P"
"1498163179475","40.6934961","-73.9872728","ASUS_T00P"
"1498163179475","40.6934961","-73.9872728","ASUS_T00P"
"1498163179475","40.6934961","-73.9872728","ASUS_T00P"
"1498163179475","40.6934961","-73.9872728","ASUS_T00P"
"1498163179475","40.6934961","-73.9872728","ASUS_T00P"
"1498163179475","40.6934961","-73.9872728","ASUS_T00P"
"1498163179475","40.6934961","-73.9872728","ASUS_T00P"
"1498163179475","40.6934961","-73.9872728","ASUS_T00P"
"1498163179475","40.6934961","-73.9872728","ASUS_T00P"
"1498163179475","40.6934961","-73.9872728","ASUS_T00P"
"1498163179475","40.6934961","-73.9872728","ASUS_T00P"
"1498163179475","40.6934961","-73.9872728","ASUS_T00P"
"1498163179475","40.6934961","-73.9872728","ASUS_T00P"
"1498163179475","40.6934961","-73.9872728","ASUS_T00P"
"1498163179475","40.6934961","-73.9872728","ASUS_T00P"
"1498163179475","40.6934961","-73.9872728","ASUS_T00P"
"1498163179475","40.6934961","-73.9872728","ASUS_T00P"
"1498163179475","40.6934961","-73.9872728","ASUS_T00P"
"1498163179475","40.6934961","-73.9872728","ASUS_T00P"
"1498163179475","40.6934961","-73.9872728","ASUS_T00P"
"1498163179475","40.6934961","-73.9872728","ASUS_T00P"
"1498163179475","40.6934961","-73.9872728","ASUS_T00P"
"1498163179475","40.6934961","-73.9872728","ASUS_T00P"
"1498163179475","40.6934961","-73.9872728","ASUS_T00P"
"1498163179475","40.6934961","-73.9872728","ASUS_T00P"
"1498163179475","40.6934961","-73.9872728","ASUS_T00P"
"1498163179475","40.6934961","-73.9872728","ASUS_T00P"
"1498163179475","40.6934961","-73.9872728","ASUS_T00P"
"1498163179475","40.6934961","-73.9872728","ASUS_T00P"
"1498163179475","40.6934961","-73.9872728","ASUS_T00P"
"1498163179475","40.6934961","-73.9872728","ASUS_T00P"
"1498163179475","40.6934961","-73.9872728","ASUS_T00P"
"1498163179475","40.6934961","-73.9872728","ASUS_T00P"
"1498163155954","40.6932373","-73.9865382","ASUS_T00P"
"1498163155954","40.6932373","-73.9865382","ASUS_T00P"
"1498163155954","40.6932373","-73.9865382","ASUS_T00P"
"1498163155954","40.6932373","-73.9865382","ASUS_T00P"
"1498163155954","40.6932373","-73.9865382","ASUS_T00P"
"1498163155954","40.6932373","-73.9865382","ASUS_T00P"
"1498163155954","40.6932373","-73.9865382","ASUS_T00P"
"1498163155954","40.6932373","-73.9865382","ASUS_T00P"
"1498163155954","40.6932373","-73.9865382","ASUS_T00P"
"1498163155954","40.6932373","-73.9865382","ASUS_T00P"
"1498163155954","40.6932373","-73.9865382","ASUS_T00P"
"1498163155954","40.6932373","-73.9865382","ASUS_T00P"
"1498163155954","40.6932373","-73.9865382","ASUS_T00P"
"1498163155954","40.6932373","-73.9865382","ASUS_T00P"
"1498163155954","40.6932373","-73.9865382","ASUS_T00P"
"1498163155954","40.6932373","-73.9865382","ASUS_T00P"
"1498163155954","40.6932373","-73.9865382","ASUS_T00P"
"1498163155954","40.6932373","-73.9865382","ASUS_T00P"
"1498163155954","40.6932373","-73.9865382","ASUS_T00P"
"1498163155954","40.6932373","-73.9865382","ASUS_T00P"
"1498163155954","40.6932373","-73.9865382","ASUS_T00P"
"1498163155954","40.6932373","-73.9865382","ASUS_T00P"
"1498163155954","40.6932373","-73.9865382","ASUS_T00P"
"1498163155954","40.6932373","-73.9865382","ASUS_T00P"
"1498163155954","40.6932373","-73.9865382","ASUS_T00P"
"1498163155954","40.6932373","-73.9865382","ASUS_T00P"
"1498163155954","40.6932373","-73.9865382","ASUS_T00P"
"1498163155954","40.6932373","-73.9865382","ASUS_T00P"
"1498163155954","40.6932373","-73.9865382","ASUS_T00P"
"1498163155954","40.6932373","-73.9865382","ASUS_T00P"
"1498163155954","40.6932373","-73.9865382","ASUS_T00P"
"1498163155954","40.6932373","-73.9865382","ASUS_T00P"
"1498163155954","40.6932373","-73.9865382","ASUS_T00P"
"1498163092085","40.6931228","-73.9873646","ASUS_T00P"
"1498163092085","40.6931228","-73.9873646","ASUS_T00P"
"1498163092085","40.6931228","-73.9873646","ASUS_T00P"
"1498163092085","40.6931228","-73.9873646","ASUS_T00P"
"1498163092085","40.6931228","-73.9873646","ASUS_T00P"
"1498163092085","40.6931228","-73.9873646","ASUS_T00P"
"1498163092085","40.6931228","-73.9873646","ASUS_T00P"
"1498163092085","40.6931228","-73.9873646","ASUS_T00P"
"1498163092085","40.6931228","-73.9873646","ASUS_T00P"
"1498163092085","40.6931228","-73.9873646","ASUS_T00P"
"1498163086875","40.6932773","-73.9873646","ASUS_T00P"
"1498163086875","40.6932773","-73.9873646","ASUS_T00P"
"1498163086875","40.6932773","-73.9873646","ASUS_T00P"
"1498163086875","40.6932773","-73.9873646","ASUS_T00P"
"1498163086875","40.6932773","-73.9873646","ASUS_T00P"
"1498163086875","40.6932773","-73.9873646","ASUS_T00P"
"1498163086875","40.6932773","-73.9873646","ASUS_T00P"
"1498163086875","40.6932773","-73.9873646","ASUS_T00P"
"1498162769285","40.7105345","-74.0095662","ASUS_T00P"
"1498162769285","40.7105345","-74.0095662","ASUS_T00P"
"1498162769285","40.7105345","-74.0095662","ASUS_T00P"
"1498162769285","40.7105345","-74.0095662","ASUS_T00P"
"1498162769285","40.7105345","-74.0095662","ASUS_T00P"
"1498162769285","40.7105345","-74.0095662","ASUS_T00P"
"1498162769285","40.7105345","-74.0095662","ASUS_T00P"
"1498162769285","40.7105345","-74.0095662","ASUS_T00P"
"1498162738219","40.7105102","-74.009319","ASUS_T00P"
"1498162738219","40.7105102","-74.009319","ASUS_T00P"
"1498162738219","40.7105102","-74.009319","ASUS_T00P"
"1498162738219","40.7105102","-74.009319","ASUS_T00P"
"1498162738219","40.7105102","-74.009319","ASUS_T00P"
"1498162738219","40.7105102","-74.009319","ASUS_T00P"
"1498162738219","40.7105102","-74.009319","ASUS_T00P"
"1498161598950","40.7263327","-74.0404775","ASUS_T00P"
"1498161598950","40.7263327","-74.0404775","ASUS_T00P"
"1498161598950","40.7263327","-74.0404775","ASUS_T00P"
"1498161598950","40.7263327","-74.0404775","ASUS_T00P"
"1498161598950","40.7263327","-74.0404775","ASUS_T00P"
"1498161598950","40.7263327","-74.0404775","ASUS_T00P"
"1498161598950","40.7263327","-74.0404775","ASUS_T00P"
"1498161598950","40.7263327","-74.0404775","ASUS_T00P"
"1498161598950","40.7263327","-74.0404775","ASUS_T00P"
"1498161598950","40.7263327","-74.0404775","ASUS_T00P"
"1498161598950","40.7263327","-74.0404775","ASUS_T00P"
"1498161598950","40.7263327","-74.0404775","ASUS_T00P"
"1498161598950","40.7263327","-74.0404775","ASUS_T00P"
"1498161598950","40.7263327","-74.0404775","ASUS_T00P"
"1498161598950","40.7263327","-74.0404775","ASUS_T00P"
"1498161598950","40.7263327","-74.0404775","ASUS_T00P"
"1498161598950","40.7263327","-74.0404775","ASUS_T00P"
"1498161598950","40.7263327","-74.0404775","ASUS_T00P"
"1498161598950","40.7263327","-74.0404775","ASUS_T00P"
"1498161598950","40.7263327","-74.0404775","ASUS_T00P"
"1498161598950","40.7263327","-74.0404775","ASUS_T00P"
"1498161598950","40.7263327","-74.0404775","ASUS_T00P"
"1498161598950","40.7263327","-74.0404775","ASUS_T00P"
"1498161538916","40.7272516","-74.0338679","ASUS_T00P"
"1498161538916","40.7272516","-74.0338679","ASUS_T00P"
"1498161538916","40.7272516","-74.0338679","ASUS_T00P"
"1498161538916","40.7272516","-74.0338679","ASUS_T00P"
"1498161538916","40.7272516","-74.0338679","ASUS_T00P"
"1498161538916","40.7272516","-74.0338679","ASUS_T00P"
"1498161538916","40.7272516","-74.0338679","ASUS_T00P"
"1498161538916","40.7272516","-74.0338679","ASUS_T00P"
"1498161538916","40.7272516","-74.0338679","ASUS_T00P"
"1498161538916","40.7272516","-74.0338679","ASUS_T00P"
"1498161538916","40.7272516","-74.0338679","ASUS_T00P"
"1498161538916","40.7272516","-74.0338679","ASUS_T00P"
"1498161538916","40.7272516","-74.0338679","ASUS_T00P"
"1498161538916","40.7272516","-74.0338679","ASUS_T00P"
"1498161538916","40.7272516","-74.0338679","ASUS_T00P"
"1498161538916","40.7272516","-74.0338679","ASUS_T00P"
"1498161538916","40.7272516","-74.0338679","ASUS_T00P"
"1498161538916","40.7272516","-74.0338679","ASUS_T00P"
"1498161538916","40.7272516","-74.0338679","ASUS_T00P"
"1498161538916","40.7272516","-74.0338679","ASUS_T00P"
"1498161538916","40.7272516","-74.0338679","ASUS_T00P"
"1498161538916","40.7272516","-74.0338679","ASUS_T00P"
"1498161538916","40.7272516","-74.0338679","ASUS_T00P"
"1498161538916","40.7272516","-74.0338679","ASUS_T00P"
"1498161538916","40.7272516","-74.0338679","ASUS_T00P"
"1498161538916","40.7272516","-74.0338679","ASUS_T00P"
"1498161538916","40.7272516","-74.0338679","ASUS_T00P"
"1498161538916","40.7272516","-74.0338679","ASUS_T00P"
"1498161538916","40.7272516","-74.0338679","ASUS_T00P"
"1498161538916","40.7272516","-74.0338679","ASUS_T00P"
"1498161538916","40.7272516","-74.0338679","ASUS_T00P"
"1498161538916","40.7272516","-74.0338679","ASUS_T00P"
"1498161538916","40.7272516","-74.0338679","ASUS_T00P"
"1498161538916","40.7272516","-74.0338679","ASUS_T00P"
"1498161538916","40.7272516","-74.0338679","ASUS_T00P"
"1498161538916","40.7272516","-74.0338679","ASUS_T00P"
"1498161538916","40.7272516","-74.0338679","ASUS_T00P"
"1498161538916","40.7272516","-74.0338679","ASUS_T00P"
"1498161538916","40.7272516","-74.0338679","ASUS_T00P"
"1498161538916","40.7272516","-74.0338679","ASUS_T00P"
"1498161538916","40.7272516","-74.0338679","ASUS_T00P"
"1498161538916","40.7272516","-74.0338679","ASUS_T00P"
"1498161158282","40.7277841","-74.032445","ASUS_T00P"
"1498161158282","40.7277841","-74.032445","ASUS_T00P"
"1498161158282","40.7277841","-74.032445","ASUS_T00P"
"1498161158282","40.7277841","-74.032445","ASUS_T00P"
"1498161158282","40.7277841","-74.032445","ASUS_T00P"
"1498161158282","40.7277841","-74.032445","ASUS_T00P"
"1498161158282","40.7277841","-74.032445","ASUS_T00P"
"1498161158282","40.7277841","-74.032445","ASUS_T00P"
"1498161158282","40.7277841","-74.032445","ASUS_T00P"
"1498161158282","40.7277841","-74.032445","ASUS_T00P"
"1498161158282","40.7277841","-74.032445","ASUS_T00P"
"1498161158282","40.7277841","-74.032445","ASUS_T00P"
"1498161158282","40.7277841","-74.032445","ASUS_T00P"
"1498161158282","40.7277841","-74.032445","ASUS_T00P"
"1498161158282","40.7277841","-74.032445","ASUS_T00P"
"1498161158282","40.7277841","-74.032445","ASUS_T00P"
"1498161158282","40.7277841","-74.032445","ASUS_T00P"
"1498161158282","40.7277841","-74.032445","ASUS_T00P"
"1498161158282","40.7277841","-74.032445","ASUS_T00P"
"1498161158282","40.7277841","-74.032445","ASUS_T00P"
"1498161158282","40.7277841","-74.032445","ASUS_T00P"
"1498161158282","40.7277841","-74.032445","ASUS_T00P"
"1498161158282","40.7277841","-74.032445","ASUS_T00P"
"1498161158282","40.7277841","-74.032445","ASUS_T00P"
"1498161158282","40.7277841","-74.032445","ASUS_T00P"
"1498161158282","40.7277841","-74.032445","ASUS_T00P"
"1498161158282","40.7277841","-74.032445","ASUS_T00P"
"1498161158282","40.7277841","-74.032445","ASUS_T00P"
"1498161158282","40.7277841","-74.032445","ASUS_T00P"
"1498161158282","40.7277841","-74.032445","ASUS_T00P"
"1498161158282","40.7277841","-74.032445","ASUS_T00P"
"1498161066681","40.7277841","-74.032445","ASUS_T00P"
"1498161066681","40.7277841","-74.032445","ASUS_T00P"
"1498161066681","40.7277841","-74.032445","ASUS_T00P"
"1498161066681","40.7277841","-74.032445","ASUS_T00P"
"1498161066681","40.7277841","-74.032445","ASUS_T00P"
"1498161066681","40.7277841","-74.032445","ASUS_T00P"
"1498161066681","40.7277841","-74.032445","ASUS_T00P"
"1498161066681","40.7277841","-74.032445","ASUS_T00P"
"1498161066681","40.7277841","-74.032445","ASUS_T00P"
"1498161066681","40.7277841","-74.032445","ASUS_T00P"
"1498161066681","40.7277841","-74.032445","ASUS_T00P"
"1498161066681","40.7277841","-74.032445","ASUS_T00P"
"1498161066681","40.7277841","-74.032445","ASUS_T00P"
"1498161066681","40.7277841","-74.032445","ASUS_T00P"
"1498161066681","40.7277841","-74.032445","ASUS_T00P"
"1498161066681","40.7277841","-74.032445","ASUS_T00P"
"1498161066681","40.7277841","-74.032445","ASUS_T00P"
"1498161066681","40.7277841","-74.032445","ASUS_T00P"
"1498161066681","40.7277841","-74.032445","ASUS_T00P"
"1498161066681","40.7277841","-74.032445","ASUS_T00P"
"1498161066681","40.7277841","-74.032445","ASUS_T00P"
"1498161066681","40.7277841","-74.032445","ASUS_T00P"
"1498161066681","40.7277841","-74.032445","ASUS_T00P"
"1498161066681","40.7277841","-74.032445","ASUS_T00P"
"1498161066681","40.7277841","-74.032445","ASUS_T00P"
"1498161066681","40.7277841","-74.032445","ASUS_T00P"
"1498161066681","40.7277841","-74.032445","ASUS_T00P"
"1498161066681","40.7277841","-74.032445","ASUS_T00P"
